Data;dax;spx;nkx;dey10;jpy10;usy10;eurjpy;eurusd;usdjpy
04.01.2018;13319.64;2723.99;23506.33;0.433;0.056;2.4562;136.143;1.20719;112.777
05.01.2018;13385.59;2743.15;23714.53;0.439;0.06;2.4799;136.213;1.2042;113.116
09.01.2018;13281.34;2751.29;23849.99;0.465;0.068;2.553;134.428;1.19359;112.625
10.01.2018;13202.9;2748.23;23788.2;0.476;0.087;2.557;133.115;1.19496;111.398
11.01.2018;13245.03;2767.56;23710.43;0.517;0.07;2.54;133.91;1.20386;111.234
12.01.2018;13246.33;2786.24;23653.82;0.511;0.075;2.548;135.33;1.219;111.017
16.01.2018;13183.96;2776.42;23951.81;0.56;0.08;2.537;135.366;1.22561;110.44
17.01.2018;13281.43;2802.56;23868.34;0.561;0.084;2.59;135.471;1.21655;111.352
18.01.2018;13434.45;2798.03;23763.37;0.573;0.081;2.627;135.931;1.22409;111.052
19.01.2018;13463.69;2810.3;23808.06;0.569;0.084;2.659;135.377;1.22198;110.785
22.01.2018;13559.6;2832.97;23816.33;0.567;0.079;2.65;136.011;1.2261;110.93
23.01.2018;13414.74;2839.13;24124.15;0.56;0.073;2.617;135.623;1.22975;110.285
24.01.2018;13298.36;2837.54;23940.78;0.585;0.08;2.65;135.444;1.24046;109.19
25.01.2018;13340.17;2839.25;23669.49;0.609;0.084;2.617;135.681;1.23735;109.655
26.01.2018;13324.48;2872.87;23631.88;0.626;0.076;2.664;135.01;1.2419;108.713
29.01.2018;13197.71;2853.53;23629.34;0.696;0.084;2.697;134.963;1.23825;108.995
30.01.2018;13189.48;2822.43;23291.97;0.683;0.092;2.72;134.927;1.24053;108.766
31.01.2018;13003.9;2823.81;23098.29;0.695;0.084;2.709;135.54;1.24125;109.198
01.02.2018;12785.16;2821.98;23486.11;0.721;0.095;2.793;136.883;1.25049;109.456
02.02.2018;12687.49;2762.13;23274.53;0.768;0.087;2.841;137.205;1.24612;110.106
05.02.2018;12392.66;2648.94;22682.08;0.737;0.083;2.706;135.061;1.23758;109.134
06.02.2018;12590.43;2695.14;21610.24;0.694;0.077;2.805;135.851;1.23833;109.706
07.02.2018;12260.29;2681.66;21645.37;0.744;0.073;2.84;134.026;1.22538;109.375
08.02.2018;12107.48;2581;21890.86;0.762;0.079;2.824;133.199;1.22477;108.761
09.02.2018;12196.5;2619.55;21382.62;0.745;0.07;2.851;133.146;1.22351;108.823
13.02.2018;12339.16;2662.94;21244.68;0.749;0.065;2.829;133.167;1.23498;107.83
14.02.2018;12346.17;2698.63;21154.17;0.757;0.063;2.906;133.229;1.2454;106.976
15.02.2018;12451.96;2731.2;21464.98;0.765;0.063;2.913;132.748;1.2501;106.19
16.02.2018;12487.9;2732.22;21720.25;0.705;0.059;2.879;131.872;1.24063;106.295
20.02.2018;12470.49;2716.26;21925.1;0.735;0.063;2.89;132.388;1.23357;107.322
21.02.2018;12461.91;2701.33;21970.81;0.723;0.054;2.95;132.275;1.22756;107.754
22.02.2018;12483.79;2703.96;21736.44;0.707;0.053;2.922;131.596;1.23297;106.731
23.02.2018;12527.04;2747.3;21892.78;0.651;0.049;2.868;131.383;1.22924;106.881
26.02.2018;12490.73;2779.6;22153.63;0.654;0.05;2.866;131.761;1.23133;107.007
27.02.2018;12435.85;2744.28;22389.86;0.677;0.044;2.897;131.353;1.22358;107.351
28.02.2018;12190.94;2713.83;22068.24;0.659;0.05;2.862;130.048;1.21935;106.654
01.03.2018;11913.71;2677.67;21724.47;0.645;0.056;2.808;130.229;1.22746;106.097
02.03.2018;12090.87;2691.25;21181.64;0.652;0.067;2.864;130.332;1.23293;105.71
05.03.2018;12113.87;2720.94;21042.09;0.646;0.044;2.883;131.015;1.23344;106.219
06.03.2018;12245.36;2728.12;21417.76;0.676;0.052;2.89;131.257;1.24214;105.67
07.03.2018;12355.57;2726.8;21252.72;0.656;0.049;2.886;131.715;1.24108;106.129
08.03.2018;12346.68;2738.97;21368.07;0.626;0.054;2.861;130.88;1.23134;106.29
09.03.2018;12418.39;2786.57;21469.2;0.646;0.05;2.894;131.458;1.23062;106.823
12.03.2018;12221.03;2783.02;21824.03;0.629;0.049;2.866;131.238;1.23337;106.406
13.03.2018;12237.74;2765.31;21968.1;0.618;0.05;2.844;131.992;1.23937;106.499
14.03.2018;12345.56;2749.48;21777.29;0.593;0.049;2.819;131.504;1.23683;106.324
15.03.2018;12389.58;2747.33;21803.95;0.575;0.045;2.826;130.804;1.23062;106.291
16.03.2018;12217.02;2752.01;21676.51;0.572;0.035;2.845;130.276;1.22889;106.011
19.03.2018;12307.33;2712.92;21480.9;0.568;0.039;2.855;130.804;1.23349;106.044
20.03.2018;12100.08;2716.94;21380.97;0.584;0.039;2.9;130.454;1.22456;106.531
22.03.2018;11886.31;2643.69;21591.99;0.528;0.035;2.823;129.185;1.23204;104.854
23.03.2018;11787.26;2588.26;20617.86;0.527;0.019;2.813;129.376;1.23537;104.726
26.03.2018;11970.83;2658.55;20766.1;0.521;0.024;2.856;131.28;1.24478;105.464
27.03.2018;11940.71;2612.62;21317.32;0.504;0.034;2.775;130.749;1.24065;105.388
28.03.2018;12096.73;2605;21031.31;0.504;0.034;2.783;131.476;1.23103;106.802
29.03.2018;12002.45;2640.87;21159.08;0.494;0.039;2.741;131.007;1.23022;106.49
03.04.2018;11957.9;2614.45;21292.29;0.5;0.026;2.779;130.805;1.22701;106.605
04.04.2018;12305.19;2644.69;21319.55;0.502;0.029;2.803;131.133;1.22826;106.763
05.04.2018;12241.27;2662.84;21645.42;0.522;0.04;2.834;131.471;1.22392;107.418
06.04.2018;12261.75;2604.47;21567.52;0.499;0.039;2.777;131.289;1.22853;106.867
09.04.2018;12397.32;2613.16;21678.26;0.505;0.036;2.783;131.594;1.23222;106.794
10.04.2018;12293.97;2656.87;21794.32;0.517;0.034;2.801;132.429;1.23536;107.199
11.04.2018;12415.01;2642.19;21687.1;0.5;0.031;2.781;132.088;1.23677;106.801
12.04.2018;12442.4;2663.99;21660.28;0.517;0.034;2.839;132.272;1.23266;107.306
13.04.2018;12391.41;2656.3;21778.74;0.512;0.035;2.827;132.486;1.23385;107.376
16.04.2018;12585.57;2677.84;21835.53;0.525;0.039;2.83;132.639;1.23806;107.135
17.04.2018;12590.83;2706.39;21847.59;0.508;0.039;2.83;132.422;1.2374;107.017
18.04.2018;12567.42;2708.64;22158.2;0.532;0.036;2.875;132.732;1.23782;107.23
19.04.2018;12540.5;2693.13;22191.18;0.601;0.039;2.912;132.59;1.23462;107.394
20.04.2018;12572.39;2670.14;22162.24;0.592;0.058;2.96;132.219;1.22825;107.649
23.04.2018;12550.82;2670.29;22088.04;0.633;0.061;2.975;132.727;1.22087;108.715
24.04.2018;12422.3;2634.56;22278.12;0.63;0.054;3.001;133.132;1.22338;108.819
25.04.2018;12500.47;2639.4;22215.32;0.632;0.062;3.03;133.054;1.21627;109.396
26.04.2018;12580.87;2666.94;22319.61;0.595;0.058;2.985;132.322;1.21055;109.312
27.04.2018;12802.25;2669.91;22467.87;0.573;0.053;2.957;132.306;1.213;109.073
02.05.2018;12948.14;2635.67;22472.78;0.582;0.044;2.966;131.338;1.1956;109.851
07.05.2018;12912.21;2672.63;22467.16;0.533;0.044;2.952;130.057;1.19223;109.087
08.05.2018;12943.06;2671.92;22508.69;0.563;0.048;2.98;129.377;1.18627;109.062
09.05.2018;13022.87;2697.79;22408.88;0.559;0.049;3.006;130.056;1.18519;109.735
10.05.2018;13001.24;2723.07;22497.18;0.558;0.049;2.964;130.388;1.19165;109.418
11.05.2018;12977.71;2727.72;22758.48;0.556;0.043;2.971;130.571;1.19446;109.314
14.05.2018;12970.04;2730.13;22865.86;0.613;0.048;3.006;130.83;1.19269;109.693
15.05.2018;12996.33;2711.45;22818.02;0.647;0.054;3.074;130.624;1.18381;110.342
16.05.2018;13114.61;2722.46;22717.23;0.607;0.054;3.1;130.275;1.18118;110.292
17.05.2018;13077.72;2720.13;22838.37;0.639;0.059;3.115;130.672;1.1795;110.786
18.05.2018;13169.92;2712.97;22930.36;0.577;0.07;3.056;130.298;1.17678;110.725
22.05.2018;12976.84;2724.44;22960.34;0.559;0.052;3.062;130.636;1.17784;110.911
23.05.2018;12855.09;2733.29;22689.74;0.508;0.044;2.993;128.681;1.17041;109.945
24.05.2018;12938.01;2727.76;22437.01;0.47;0.045;2.979;128.014;1.17225;109.204
25.05.2018;12666.51;2721.33;22450.79;0.405;0.049;2.931;127.652;1.16606;109.473
29.05.2018;12783.76;2689.86;22358.43;0.261;0.033;2.784;125.365;1.15452;108.586
30.05.2018;12604.89;2724.01;22018.52;0.37;0.031;2.857;127.056;1.16675;108.897
31.05.2018;12724.27;2705.27;22201.82;0.34;0.035;2.859;127.189;1.16929;108.778
01.06.2018;12770.75;2734.62;22171.35;0.385;0.043;2.904;127.72;1.16575;109.561
04.06.2018;12787.13;2746.87;22475.94;0.419;0.048;2.944;128.443;1.16971;109.807
05.06.2018;12830.07;2748.8;22539.54;0.368;0.049;2.931;128.699;1.17175;109.834
06.06.2018;12811.05;2772.35;22625.73;0.464;0.051;2.975;129.721;1.1777;110.147
07.06.2018;12766.55;2770.37;22823.26;0.484;0.049;2.922;129.431;1.17982;109.704
08.06.2018;12842.91;2779.03;22694.5;0.447;0.047;2.95;128.787;1.17668;109.45
11.06.2018;12842.3;2782;22804.04;0.494;0.044;2.955;129.679;1.17826;110.061
12.06.2018;12890.58;2786.85;22878.35;0.491;0.049;2.963;129.653;1.17456;110.384
13.06.2018;13107.1;2775.63;22966.38;0.484;0.049;2.966;130.038;1.17941;110.257
14.06.2018;13010.55;2782.49;22738.61;0.427;0.043;2.939;128.085;1.15733;110.673
15.06.2018;12834.11;2779.66;22851.75;0.403;0.034;2.922;128.397;1.16092;110.6
18.06.2018;12677.97;2773.75;22680.33;0.4;0.034;2.921;128.473;1.16216;110.547
19.06.2018;12695.16;2762.59;22278.48;0.372;0.033;2.9;127.468;1.15848;110.03
20.06.2018;12511.91;2767.32;22555.43;0.378;0.034;2.941;127.722;1.1574;110.353
21.06.2018;12579.72;2749.76;22693.04;0.336;0.034;2.899;127.563;1.16083;109.889
22.06.2018;12270.33;2754.88;22516.83;0.339;0.031;2.897;128.237;1.16589;109.99
25.06.2018;12234.34;2717.07;22338.15;0.329;0.029;2.882;128.404;1.1701;109.736
26.06.2018;12348.61;2723.06;22342;0.34;0.034;2.878;128.147;1.1647;110.026
27.06.2018;12177.23;2699.63;22271.77;0.321;0.034;2.829;127.421;1.15589;110.236
28.06.2018;12306;2716.31;22270.39;0.321;0.033;2.838;127.731;1.1563;110.466
29.06.2018;12238.17;2718.37;22304.51;0.303;0.031;2.862;129.259;1.16769;110.697
02.07.2018;12349.14;2726.71;21811.93;0.302;0.023;2.871;128.992;1.16353;110.862
03.07.2018;12464.29;2713.22;21785.54;0.294;0.029;2.833;128.926;1.16586;110.585
05.07.2018;12496.17;2736.61;21546.99;0.297;0.034;2.833;129.37;1.169;110.667
06.07.2018;12543.89;2759.82;21788.14;0.292;0.031;2.824;129.708;1.17464;110.423
09.07.2018;12609.85;2784.17;22052.18;0.303;0.032;2.86;130.229;1.17484;110.848
10.07.2018;12417.13;2793.84;22196.89;0.319;0.04;2.849;130.297;1.17394;110.991
11.07.2018;12492.97;2774.02;21932.21;0.311;0.039;2.851;130.669;1.1674;111.935
12.07.2018;12540.73;2798.29;22187.96;0.3;0.039;2.849;131.311;1.16689;112.527
13.07.2018;12661.54;2801.31;22597.35;0.284;0.049;2.827;131.232;1.16827;112.331
17.07.2018;12765.94;2809.55;22697.36;0.347;0.041;2.864;131.634;1.16588;112.905
18.07.2018;12686.29;2815.62;22794.19;0.343;0.044;2.871;131.394;1.16441;112.841
19.07.2018;12561.42;2804.49;22764.68;0.331;0.039;2.838;130.941;1.16453;112.438
20.07.2018;12548.57;2801.83;22697.88;0.373;0.033;2.897;130.777;1.17284;111.504
23.07.2018;12689.39;2806.98;22396.99;0.408;0.083;2.958;130.109;1.16892;111.307
24.07.2018;12579.33;2820.4;22510.48;0.397;0.084;2.95;129.922;1.16832;111.204
25.07.2018;12809.23;2846.07;22614.25;0.396;0.069;2.976;129.973;1.17241;110.859
26.07.2018;12860.4;2837.44;22586.87;0.407;0.092;2.978;129.484;1.16395;111.245
27.07.2018;12798.2;2818.82;22712.75;0.404;0.102;2.956;129.413;1.16597;110.991
30.07.2018;12805.5;2802.6;22544.84;0.447;0.102;2.975;129.994;1.17054;111.055
31.07.2018;12737.05;2816.29;22553.72;0.444;0.062;2.962;130.72;1.16878;111.843
01.08.2018;12546.33;2813.36;22746.7;0.478;0.128;3.008;130.244;1.16607;111.695
02.08.2018;12615.76;2827.22;22512.53;0.461;0.121;2.986;129.352;1.15864;111.641
03.08.2018;12598.21;2840.35;22525.18;0.411;0.109;2.953;128.713;1.15726;111.222
06.08.2018;12648.19;2850.4;22507.32;0.394;0.107;2.943;128.695;1.15525;111.4
07.08.2018;12633.54;2858.45;22662.74;0.409;0.109;2.975;129.167;1.15967;111.382
08.08.2018;12676.11;2857.7;22644.31;0.399;0.111;2.962;128.829;1.1614;110.926
09.08.2018;12424.35;2853.58;22598.39;0.377;0.114;2.928;128.077;1.15279;111.102
10.08.2018;12358.74;2833.28;22298.08;0.323;0.101;2.877;126.337;1.14027;110.796
13.08.2018;12358.87;2821.93;21857.43;0.311;0.099;2.88;126.312;1.14056;110.745
14.08.2018;12163.01;2839.96;22356.08;0.329;0.106;2.902;126.19;1.13456;111.224
15.08.2018;12237.17;2818.37;22204.22;0.305;0.096;2.864;125.595;1.13461;110.694
16.08.2018;12210.55;2840.69;22192.04;0.318;0.099;2.868;126.19;1.13748;110.939
17.08.2018;12331.3;2850.13;22270.38;0.306;0.096;2.864;126.537;1.14394;110.615
20.08.2018;12384.49;2857.05;22199;0.305;0.095;2.821;126.439;1.14906;110.037
21.08.2018;12385.7;2862.96;22219.73;0.331;0.09;2.832;127.482;1.15717;110.167
22.08.2018;12365.58;2861.82;22362.55;0.345;0.094;2.821;128.169;1.15947;110.541
23.08.2018;12394.52;2856.98;22410.82;0.339;0.095;2.826;128.473;1.15433;111.296
24.08.2018;12538.31;2874.69;22601.77;0.344;0.098;2.813;129.258;1.16258;111.183
27.08.2018;12527.42;2896.74;22799.64;0.378;0.095;2.848;129.703;1.16793;111.054
28.08.2018;12561.68;2897.52;22813.47;0.382;0.095;2.884;130.005;1.16934;111.178
29.08.2018;12494.24;2914.04;22848.22;0.405;0.099;2.886;130.831;1.17092;111.734
30.08.2018;12364.06;2901.13;22869.5;0.347;0.109;2.857;129.54;1.16673;111.029
31.08.2018;12210.21;2901.52;22865.15;0.328;0.106;2.862;128.966;1.16098;111.084
04.09.2018;12040.46;2896.72;22696.9;0.357;0.119;2.9;129.062;1.15809;111.444
05.09.2018;11955.25;2888.6;22580.83;0.382;0.114;2.902;129.707;1.16335;111.494
06.09.2018;11959.63;2878.05;22487.94;0.358;0.109;2.873;128.647;1.16234;110.677
07.09.2018;11986.34;2871.68;22307.06;0.39;0.109;2.942;128.304;1.15591;110.998
10.09.2018;11970.27;2877.13;22373.09;0.401;0.114;2.931;128.832;1.15963;111.097
11.09.2018;12032.3;2887.89;22664.69;0.434;0.109;2.979;129.462;1.15999;111.607
12.09.2018;12055.55;2888.92;22604.61;0.412;0.109;2.965;129.381;1.16286;111.25
13.09.2018;12124.33;2904.18;22821.32;0.426;0.111;2.972;130.837;1.16899;111.923
14.09.2018;12157.67;2904.98;23094.67;0.451;0.114;3;130.19;1.1624;112.002
18.09.2018;12219.02;2904.31;23420.54;0.481;0.113;3.059;131.15;1.16713;112.369
19.09.2018;12326.48;2907.95;23672.52;0.49;0.12;3.063;131.05;1.16732;112.271
20.09.2018;12430.88;2930.75;23674.93;0.471;0.118;3.066;132.466;1.17774;112.494
21.09.2018;12374.66;2929.67;23869.93;0.461;0.129;3.065;132.248;1.17479;112.573
25.09.2018;12385.89;2915.56;23940.26;0.542;0.13;3.098;132.9;1.17658;112.954
26.09.2018;12435.59;2905.97;24033.79;0.524;0.124;3.05;132.32;1.17425;112.681
27.09.2018;12246.73;2914;23796.74;0.529;0.12;3.054;131.996;1.16389;113.407
28.09.2018;12339.03;2913.98;24120.04;0.472;0.128;3.065;131.928;1.16109;113.624
01.10.2018;12287.58;2924.59;24245.76;0.474;0.132;3.084;131.952;1.15749;113.999
02.10.2018;12244.14;2923.43;24270.62;0.422;0.129;3.067;131.23;1.15469;113.649
04.10.2018;12111.9;2901.61;23975.62;0.529;0.158;3.187;131.147;1.15149;113.893
05.10.2018;11977.22;2885.57;23783.72;0.575;0.149;3.235;130.998;1.15239;113.675
09.10.2018;11712.5;2880.34;23469.39;0.548;0.159;3.208;129.834;1.14934;112.973
10.10.2018;11539.35;2785.68;23506.04;0.554;0.154;3.165;129.419;1.15271;112.274
11.10.2018;11523.81;2728.37;22590.86;0.519;0.144;3.15;130.002;1.15919;112.149
12.10.2018;11614.16;2767.13;22694.66;0.495;0.149;3.161;129.688;1.15576;112.21
15.10.2018;11776.55;2750.79;22271.3;0.503;0.142;3.158;129.469;1.15823;111.782
16.10.2018;11715.03;2809.92;22549.24;0.488;0.149;3.165;129.952;1.15724;112.294
17.10.2018;11589.21;2809.21;22841.12;0.462;0.147;3.207;129.595;1.15001;112.691
18.10.2018;11553.83;2768.78;22658.16;0.414;0.154;3.177;128.522;1.14558;112.189
19.10.2018;11524.34;2767.78;22532.08;0.464;0.149;3.196;129.524;1.15095;112.537
22.10.2018;11274.28;2755.88;22614.82;0.447;0.154;3.2;129.348;1.14648;112.82
23.10.2018;11191.63;2740.69;22010.78;0.41;0.149;3.17;128.969;1.14722;112.418
24.10.2018;11307.12;2656.1;22091.18;0.397;0.131;3.111;127.815;1.13973;112.157
25.10.2018;11200.62;2705.57;21268.73;0.399;0.115;3.122;127.816;1.13735;112.381
26.10.2018;11335.48;2658.69;21184.6;0.359;0.11;3.077;127.561;1.14083;111.814
29.10.2018;11287.39;2641.25;21149.8;0.379;0.109;3.089;127.776;1.13733;112.347
30.10.2018;11447.51;2682.63;21457.29;0.37;0.119;3.119;128.274;1.1343;113.086
31.10.2018;11468.54;2711.74;21920.46;0.387;0.129;3.149;127.809;1.13173;112.933
01.11.2018;11518.99;2740.37;21687.65;0.4;0.122;3.134;128.485;1.14055;112.652
02.11.2018;11494.96;2723.06;22243.66;0.427;0.129;3.22;128.947;1.13897;113.214
05.11.2018;11484.34;2738.31;21898.99;0.423;0.129;3.199;129.149;1.14086;113.203
06.11.2018;11579.1;2755.45;22147.75;0.434;0.129;3.23;129.562;1.14197;113.455
07.11.2018;11527.32;2813.89;22085.8;0.447;0.123;3.237;129.767;1.14305;113.527
08.11.2018;11529.16;2806.83;22486.92;0.458;0.124;3.239;129.609;1.13639;114.05
09.11.2018;11472.22;2781.01;22250.25;0.407;0.12;3.186;129.001;1.13363;113.794
13.11.2018;11412.53;2722.18;21810.52;0.41;0.114;3.142;128.594;1.12984;113.816
14.11.2018;11353.67;2701.58;21846.48;0.399;0.109;3.125;128.508;1.13141;113.582
15.11.2018;11341;2730.2;21803.62;0.362;0.109;3.11;128.614;1.13235;113.582
16.11.2018;11244.54;2736.27;21680.34;0.368;0.104;3.065;128.784;1.14151;112.819
19.11.2018;11066.41;2690.73;21821.16;0.373;0.095;3.065;128.833;1.14537;112.5
20.11.2018;11244.17;2641.89;21583.12;0.352;0.103;3.063;128.139;1.13668;112.732
21.11.2018;11354.72;2649.93;21507.54;0.376;0.095;3.065;128.779;1.1385;113.113
26.11.2018;11309.11;2673.45;21812;0.362;0.089;3.057;128.681;1.13307;113.569
27.11.2018;11298.88;2682.17;21952.4;0.352;0.089;3.059;128.492;1.12939;113.771
28.11.2018;11298.23;2743.79;22177.02;0.35;0.099;3.059;129.176;1.13684;113.627
29.11.2018;11257.24;2737.8;22262.6;0.324;0.081;3.032;129.212;1.13884;113.46
30.11.2018;11465.46;2760.17;22351.06;0.314;0.085;2.993;128.516;1.13217;113.513
03.12.2018;11335.32;2790.37;22574.76;0.305;0.082;2.97;129.012;1.13538;113.629
04.12.2018;10810.98;2700.06;22036.05;0.262;0.069;2.915;127.892;1.13419;112.761
06.12.2018;10788.09;2695.95;21501.62;0.236;0.056;2.897;128.242;1.13771;112.73
07.12.2018;10622.07;2633.08;21678.68;0.249;0.058;2.849;128.507;1.14096;112.63
10.12.2018;10780.51;2637.72;21219.5;0.247;0.039;2.861;128.566;1.13509;113.263
11.12.2018;10929.43;2636.78;21148.02;0.234;0.047;2.879;128.362;1.13198;113.396
12.12.2018;10924.7;2651.07;21602.75;0.28;0.054;2.911;128.816;1.13712;113.276
13.12.2018;10865.77;2650.54;21816.19;0.283;0.055;2.915;129.027;1.13578;113.602
14.12.2018;10772.2;2599.95;21374.83;0.256;0.031;2.895;128.169;1.13032;113.392
17.12.2018;10740.89;2545.94;21506.88;0.257;0.033;2.859;128.028;1.13474;112.826
18.12.2018;10766.21;2546.16;21115.45;0.245;0.023;2.821;127.894;1.137;112.484
19.12.2018;10611.1;2506.96;20987.92;0.241;0.034;2.76;127.94;1.13804;112.422
20.12.2018;10633.82;2467.42;20392.58;0.232;0.028;2.812;127.416;1.14492;111.288
21.12.2018;10381.51;2416.62;20166.19;0.25;0.042;2.788;126.434;1.1359;111.307
27.12.2018;10558.96;2488.83;20077.62;0.23;0.017;2.772;126.782;1.14292;110.928
28.12.2018;10767.69;2485.74;20014.77;0.233;-0.001;2.72;126.123;1.14444;110.205
04.01.2019;10747.81;2531.94;19561.96;0.21;-0.034;2.671;123.667;1.14029;108.452
07.01.2019;10803.98;2549.69;20038.97;0.22;-0.016;2.698;124.697;1.14758;108.661
08.01.2019;10893.32;2574.41;20204.04;0.227;0.009;2.73;124.49;1.14411;108.809
09.01.2019;10921.59;2584.96;20427.06;0.219;0.029;2.712;124.917;1.15495;108.158
10.01.2019;10887.46;2596.64;20163.8;0.198;0.02;2.746;124.688;1.14985;108.439
11.01.2019;10891.79;2596.26;20359.7;0.183;0.012;2.703;124.446;1.14636;108.558
15.01.2019;10931.24;2610.3;20555.29;0.206;0.013;2.715;123.926;1.14063;108.653
16.01.2019;10918.62;2616.1;20442.75;0.224;0.007;2.724;124.344;1.13951;109.121
17.01.2019;11205.54;2635.96;20402.27;0.243;0.004;2.754;124.365;1.13889;109.199
18.01.2019;11090.11;2670.71;20666.07;0.263;0.011;2.788;124.724;1.13645;109.748
22.01.2019;11071.54;2632.9;20622.91;0.235;0.002;2.741;124.245;1.13633;109.339
23.01.2019;11130.18;2638.7;20593.72;0.224;0.003;2.743;124.692;1.13808;109.563
24.01.2019;11281.79;2642.33;20574.63;0.181;0.007;2.716;123.843;1.13025;109.579
25.01.2019;11210.31;2664.76;20773.56;0.194;-0.002;2.76;125.028;1.14163;109.517
28.01.2019;11218.83;2643.85;20649;0.204;0.001;2.748;124.913;1.14276;109.321
29.01.2019;11181.66;2640;20664.64;0.202;0.004;2.71;125.061;1.14351;109.366
30.01.2019;11173.1;2681.05;20556.54;0.189;0.005;2.679;125.217;1.14812;109.063
31.01.2019;11180.66;2704.1;20773.49;0.149;-0.006;2.633;124.582;1.14461;108.837
01.02.2019;11176.58;2706.53;20788.39;0.165;-0.02;2.686;125.489;1.14596;109.506
04.02.2019;11367.98;2724.87;20883.77;0.176;-0.011;2.727;125.695;1.14358;109.914
05.02.2019;11324.72;2737.7;20844.45;0.17;-0.011;2.704;125.411;1.14059;109.953
06.02.2019;11022.02;2731.61;20874.06;0.162;-0.018;2.7;124.97;1.13674;109.937
07.02.2019;10906.78;2706.05;20751.28;0.114;-0.011;2.657;124.512;1.13425;109.775
08.02.2019;11126.08;2707.88;20333.17;0.087;-0.029;2.634;124.306;1.13231;109.781
12.02.2019;11167.22;2744.73;20864.21;0.131;-0.014;2.684;125.155;1.13297;110.467
13.02.2019;11089.79;2753.03;21144.48;0.123;-0.007;2.704;124.99;1.12567;111.036
14.02.2019;11299.8;2745.73;21139.71;0.106;-0.017;2.657;124.798;1.1295;110.49
15.02.2019;11309.21;2775.6;20900.63;0.102;-0.023;2.664;124.757;1.12997;110.408
19.02.2019;11401.97;2779.76;21302.65;0.105;-0.032;2.636;125.397;1.13393;110.586
20.02.2019;11423.28;2784.7;21431.49;0.1;-0.036;2.647;125.715;1.13457;110.804
21.02.2019;11457.7;2774.88;21464.23;0.127;-0.039;2.695;125.473;1.13373;110.672
22.02.2019;11505.39;2792.67;21425.51;0.095;-0.04;2.654;125.411;1.13319;110.671
25.02.2019;11540.79;2796.11;21528.23;0.109;-0.032;2.666;126.163;1.13598;111.061
26.02.2019;11487.33;2793.9;21449.39;0.117;-0.028;2.639;125.974;1.13933;110.569
27.02.2019;11515.64;2792.38;21556.51;0.149;-0.025;2.686;126.178;1.13726;110.95
28.02.2019;11601.68;2784.49;21385.16;0.183;-0.015;2.715;126.646;1.13706;111.38
01.03.2019;11592.66;2803.69;21602.69;0.183;-0.01;2.757;127.293;1.13677;111.978
04.03.2019;11620.74;2792.81;21822.04;0.16;0.001;2.726;126.705;1.13379;111.754
05.03.2019;11587.63;2789.65;21726.28;0.167;0.009;2.719;126.446;1.13006;111.893
06.03.2019;11517.8;2771.45;21596.81;0.127;-0.003;2.695;126.328;1.13084;111.712
07.03.2019;11457.84;2748.93;21456.01;0.065;-0.008;2.641;124.913;1.11918;111.611
08.03.2019;11543.48;2743.07;21025.56;0.068;-0.033;2.63;124.819;1.12329;111.119
11.03.2019;11524.17;2783.3;21125.09;0.067;-0.036;2.641;125.39;1.12634;111.325
12.03.2019;11572.41;2791.52;21503.69;0.055;-0.03;2.6;125.673;1.12897;111.316
13.03.2019;11587.47;2810.92;21290.24;0.064;-0.043;2.625;126.135;1.13374;111.249
14.03.2019;11685.69;2808.48;21287.02;0.083;-0.04;2.63;126.286;1.1306;111.699
15.03.2019;11657.06;2822.48;21450.85;0.083;-0.037;2.591;126.255;1.13258;111.476
18.03.2019;11788.41;2832.94;21584.5;0.083;-0.036;2.605;126.273;1.1335;111.401
19.03.2019;11603.89;2832.57;21566.85;0.096;-0.044;2.618;126.442;1.13536;111.368
20.03.2019;11364.17;2824.23;21608.92;0.086;-0.035;2.525;126.464;1.14212;110.727
22.03.2019;11346.65;2800.71;21627.34;-0.013;-0.071;2.437;124.253;1.13005;109.954
25.03.2019;11419.48;2798.36;20977.11;-0.028;-0.082;2.405;124.509;1.13145;110.043
26.03.2019;11419.04;2818.46;21428.39;-0.016;-0.063;2.425;124.628;1.12756;110.529
27.03.2019;11428.16;2805.37;21378.73;-0.081;-0.067;2.381;124.296;1.12493;110.492
28.03.2019;11526.04;2815.44;21033.76;-0.069;-0.092;2.391;124.25;1.12284;110.657
29.03.2019;11681.99;2834.4;21205.81;-0.07;-0.091;2.407;124.35;1.12177;110.852
01.04.2019;11754.79;2867.19;21509.03;-0.026;-0.075;2.503;124.809;1.12026;111.41
02.04.2019;11954.4;2867.24;21505.31;-0.048;-0.064;2.472;124.726;1.12034;111.334
03.04.2019;11988.01;2873.4;21713.21;0.007;-0.047;2.528;125.256;1.12373;111.464
04.04.2019;12009.75;2879.39;21724.95;-0.006;-0.041;2.513;125.245;1.12211;111.616
05.04.2019;11963.4;2892.74;21807.5;0.006;-0.031;2.499;125.28;1.1218;111.678
08.04.2019;11850.57;2895.77;21761.65;0.006;-0.035;2.524;125.552;1.12609;111.494
09.04.2019;11905.91;2878.2;21802.59;-0.01;-0.047;2.502;125.192;1.12646;111.138
10.04.2019;11935.2;2888.21;21687.57;-0.025;-0.045;2.467;125.068;1.12753;110.922
11.04.2019;11999.93;2888.32;21711.38;-0.009;-0.058;2.499;125.664;1.12573;111.629
12.04.2019;12020.28;2907.41;21870.56;0.055;-0.04;2.563;126.538;1.1297;112.011
15.04.2019;12101.32;2905.58;22169.11;0.057;-0.028;2.556;126.549;1.13012;111.978
16.04.2019;12153.07;2907.06;22221.66;0.066;-0.021;2.592;126.413;1.12862;112.016
17.04.2019;12222.39;2900.45;22277.97;0.08;-0.007;2.594;126.577;1.12982;112.033
18.04.2019;12235.51;2905.03;22090.12;0.023;-0.03;2.56;125.775;1.1232;111.979
23.04.2019;12313.16;2933.68;22259.74;0.041;-0.03;2.569;125.559;1.12232;111.874
24.04.2019;12282.6;2927.25;22200;-0.009;-0.04;2.518;125.02;1.11555;112.07
25.04.2019;12315.18;2926.17;22307.58;-0.01;-0.03;2.534;124.247;1.11346;111.586
26.04.2019;12092.74;2939.88;22258.73;-0.022;-0.035;2.5;124.418;1.11478;111.608
07.05.2019;12179.93;2884.05;21923.72;-0.039;-0.051;2.458;123.435;1.11942;110.267
08.05.2019;11973.92;2879.42;21602.59;-0.045;-0.051;2.485;123.24;1.11947;110.088
09.05.2019;12059.83;2870.72;21402.13;-0.048;-0.049;2.451;123.099;1.12187;109.727
10.05.2019;11876.65;2881.4;21344.92;-0.043;-0.047;2.471;123.464;1.12311;109.93
13.05.2019;11991.62;2811.87;21191.28;-0.07;-0.048;2.403;122.616;1.12268;109.218
14.05.2019;12099.57;2834.41;21067.23;-0.07;-0.05;2.412;122.889;1.12074;109.65
15.05.2019;12310.37;2850.96;21188.56;-0.099;-0.052;2.373;122.793;1.1205;109.59
16.05.2019;12238.94;2876.32;21062.98;-0.095;-0.062;2.394;122.754;1.11736;109.861
17.05.2019;12041.29;2859.53;21250.09;-0.104;-0.056;2.393;122.793;1.11609;110.021
20.05.2019;12143.47;2840.23;21301.73;-0.087;-0.044;2.417;122.938;1.11676;110.085
21.05.2019;12168.74;2864.36;21272.45;-0.064;-0.047;2.428;123.364;1.11625;110.517
22.05.2019;11952.41;2856.27;21283.37;-0.086;-0.04;2.382;123.048;1.11526;110.331
23.05.2019;12011.04;2822.24;21151.14;-0.12;-0.06;2.32;122.587;1.11834;109.615
24.05.2019;12027.05;2826.06;21117.22;-0.117;-0.06;2.324;122.503;1.12081;109.298
28.05.2019;11837.81;2802.39;21260.14;-0.161;-0.074;2.264;122.113;1.11657;109.364
29.05.2019;11902.08;2783.02;21003.37;-0.178;-0.091;2.264;121.992;1.11356;109.551
30.05.2019;11726.84;2788.86;20942.53;-0.174;-0.081;2.215;121.98;1.11299;109.599
31.05.2019;11792.81;2752.06;20601.19;-0.203;-0.096;2.126;121.06;1.11712;108.368
03.06.2019;11971.17;2744.45;20410.88;-0.2;-0.094;2.076;121.504;1.12444;108.057
04.06.2019;11980.81;2803.27;20408.54;-0.207;-0.104;2.131;121.713;1.12536;108.154
05.06.2019;11953.14;2826.15;20776.1;-0.227;-0.124;2.135;121.567;1.12267;108.283
06.06.2019;12045.38;2843.49;20774.04;-0.24;-0.121;2.119;122.208;1.12773;108.367
07.06.2019;12155.81;2873.34;20884.71;-0.257;-0.118;2.083;122.59;1.13338;108.164
11.06.2019;12115.68;2885.72;21204.28;-0.231;-0.11;2.143;122.974;1.13274;108.564
12.06.2019;12169.05;2879.84;21129.72;-0.237;-0.114;2.122;122.503;1.12919;108.487
13.06.2019;12096.4;2891.64;21032;-0.241;-0.113;2.095;122.217;1.12775;108.372
14.06.2019;12085.82;2886.98;21116.89;-0.253;-0.13;2.084;121.647;1.12069;108.547
17.06.2019;12331.75;2889.67;21124;-0.245;-0.123;2.092;121.822;1.12211;108.565
18.06.2019;12308.53;2917.75;20972.71;-0.322;-0.134;2.059;121.428;1.11948;108.468
19.06.2019;12355.39;2926.46;21333.87;-0.289;-0.135;2.029;121.373;1.12295;108.084
20.06.2019;12339.92;2954.18;21462.86;-0.318;-0.163;2.03;121.183;1.12931;107.304
21.06.2019;12274.57;2950.46;21258.64;-0.284;-0.155;2.057;122.112;1.13723;107.377
24.06.2019;12228.44;2945.35;21285.99;-0.307;-0.154;2.018;122.299;1.13966;107.308
25.06.2019;12245.32;2917.38;21193.81;-0.331;-0.147;1.987;121.809;1.13688;107.143
26.06.2019;12271.03;2913.78;21086.59;-0.302;-0.143;2.05;122.568;1.13749;107.753
27.06.2019;12398.8;2924.92;21338.17;-0.321;-0.142;2.016;122.566;1.13684;107.813
28.06.2019;12521.38;2941.76;21275.92;-0.328;-0.16;2.007;122.585;1.1371;107.805
01.07.2019;12526.72;2964.33;21729.97;-0.357;-0.146;2.029;122.397;1.12882;108.429
02.07.2019;12616.24;2973.01;21754.27;-0.368;-0.145;1.976;121.819;1.12896;107.904
03.07.2019;12568.53;2995.82;21638.16;-0.386;-0.151;1.953;121.602;1.12799;107.804
05.07.2019;12543.51;2990.41;21746.38;-0.364;-0.155;2.039;121.79;1.12261;108.488
08.07.2019;12436.55;2975.95;21534.35;-0.366;-0.146;2.048;121.914;1.12159;108.697
09.07.2019;12373.41;2979.63;21565.15;-0.354;-0.14;2.07;122.001;1.12082;108.849
10.07.2019;12332.12;2993.07;21533.48;-0.307;-0.115;2.065;122.004;1.12541;108.414
11.07.2019;12323.32;2999.91;21643.53;-0.264;-0.138;2.143;122.079;1.12534;108.482
12.07.2019;12430.97;3013.77;21685.9;-0.25;-0.117;2.122;121.565;1.12713;107.854
16.07.2019;12341.03;3004.04;21535.25;-0.287;-0.12;2.104;121.339;1.12115;108.235
17.07.2019;12227.85;2984.42;21469.18;-0.29;-0.121;2.047;121.164;1.12275;107.917
18.07.2019;12260.07;2995.11;21046.24;-0.31;-0.133;2.026;120.983;1.12776;107.277
19.07.2019;12289.4;2976.61;21466.99;-0.322;-0.125;2.057;120.859;1.12193;107.724
22.07.2019;12490.74;2985.03;21416.79;-0.345;-0.138;2.048;120.941;1.12092;107.894
23.07.2019;12522.89;3005.47;21620.88;-0.353;-0.146;2.083;120.698;1.11521;108.229
24.07.2019;12362.1;3019.56;21709.57;-0.377;-0.149;2.046;120.51;1.11429;108.149
25.07.2019;12419.9;3003.67;21756.55;-0.361;-0.152;2.084;121.103;1.11479;108.633
26.07.2019;12417.47;3025.86;21658.15;-0.375;-0.151;2.074;120.932;1.11247;108.706
29.07.2019;12147.24;3020.97;21616.8;-0.389;-0.145;2.067;121.289;1.11452;108.827
30.07.2019;12189.04;3013.18;21709.31;-0.397;-0.152;2.06;121.133;1.11554;108.587
31.07.2019;12253.15;2980.38;21521.53;-0.441;-0.155;2.016;120.422;1.1071;108.772
01.08.2019;11872.44;2953.56;21540.99;-0.448;-0.131;1.895;118.96;1.10835;107.331
02.08.2019;11658.51;2932.05;21087.16;-0.496;-0.167;1.847;118.38;1.11057;106.594
05.08.2019;11567.96;2844.74;20720.29;-0.513;-0.194;1.718;118.466;1.12139;105.65
06.08.2019;11650.15;2881.77;20585.31;-0.534;-0.181;1.704;119.236;1.12022;106.44
07.08.2019;11845.41;2883.98;20516.56;-0.579;-0.195;1.724;118.99;1.12021;106.221
08.08.2019;11693.8;2938.09;20593.35;-0.557;-0.19;1.719;118.498;1.11936;105.863
09.08.2019;11750.13;2918.65;20684.82;-0.575;-0.218;1.746;118.283;1.12027;105.584
13.08.2019;11492.66;2926.32;20455.44;-0.61;-0.234;1.707;119.25;1.11726;106.735
14.08.2019;11412.67;2840.6;20655.13;-0.65;-0.22;1.581;117.843;1.11419;105.765
15.08.2019;11562.74;2847.6;20405.65;-0.709;-0.234;1.508;117.852;1.11062;106.114
16.08.2019;11715.37;2888.68;20418.81;-0.686;-0.231;1.569;117.933;1.10928;106.315
19.08.2019;11651.18;2923.65;20563.16;-0.648;-0.222;1.608;118.115;1.10802;106.6
20.08.2019;11802.85;2900.51;20677.22;-0.691;-0.239;1.552;117.918;1.10984;106.248
21.08.2019;11747.04;2924.43;20618.57;-0.67;-0.235;1.591;118.185;1.10882;106.586
22.08.2019;11611.51;2922.95;20628.01;-0.645;-0.24;1.615;117.925;1.10809;106.421
23.08.2019;11658.04;2847.11;20710.91;-0.677;-0.234;1.532;117.373;1.114;105.362
26.08.2019;11730.02;2878.38;20261.04;-0.663;-0.265;1.54;117.806;1.11001;106.13
27.08.2019;11701.02;2869.16;20456.08;-0.694;-0.265;1.474;117.29;1.10906;105.756
28.08.2019;11838.88;2887.94;20479.42;-0.714;-0.275;1.466;117.452;1.10815;105.989
29.08.2019;11939.28;2924.58;20460.93;-0.69;-0.278;1.498;117.787;1.10585;106.512
30.08.2019;11910.86;2926.46;20704.37;-0.701;-0.273;1.499;116.743;1.09901;106.226
03.09.2019;12025.04;2906.27;20625.16;-0.706;-0.281;1.461;116.229;1.09718;105.935
04.09.2019;12126.78;2937.78;20649.14;-0.675;-0.28;1.471;117.374;1.10349;106.367
05.09.2019;12191.73;2976;21085.94;-0.592;-0.262;1.564;118.023;1.10349;106.955
06.09.2019;12226.1;2978.71;21199.57;-0.637;-0.244;1.562;117.897;1.10257;106.929
09.09.2019;12268.71;2978.43;21318.42;-0.584;-0.25;1.645;118.502;1.10493;107.248
10.09.2019;12359.07;2979.39;21392.1;-0.547;-0.227;1.737;118.799;1.1049;107.52
11.09.2019;12410.25;3000.93;21597.76;-0.563;-0.2;1.746;118.696;1.10091;107.816
12.09.2019;12468.53;3009.57;21759.61;-0.518;-0.21;1.777;119.587;1.10638;108.089
13.09.2019;12372.61;3007.39;21988.29;-0.446;-0.157;1.903;119.752;1.10763;108.116
17.09.2019;12389.62;3005.7;22001.32;-0.476;-0.155;1.808;119.702;1.10717;108.115
18.09.2019;12457.7;3006.73;21960.71;-0.51;-0.189;1.8;119.608;1.1033;108.409
19.09.2019;12468.01;3006.79;22044.45;-0.506;-0.217;1.789;119.299;1.1042;108.041
20.09.2019;12307.15;2992.07;22079.09;-0.52;-0.215;1.722;118.511;1.10181;107.561
24.09.2019;12234.18;2966.6;22098.84;-0.601;-0.238;1.647;118.034;1.10197;107.112
25.09.2019;12288.54;2984.87;22020.15;-0.576;-0.256;1.737;117.904;1.09441;107.732
26.09.2019;12380.94;2977.62;22048.24;-0.585;-0.247;1.701;117.735;1.09177;107.838
27.09.2019;12428.08;2961.79;21878.9;-0.571;-0.224;1.687;118.126;1.09416;107.96
30.09.2019;12263.83;2976.74;21755.84;-0.572;-0.214;1.666;117.791;1.08986;108.079
01.10.2019;11925.25;2940.25;21885.24;-0.561;-0.153;1.639;117.804;1.09318;107.762
02.10.2019;12012.81;2887.61;21778.61;-0.544;-0.165;1.599;117.462;1.09608;107.165
04.10.2019;12097.43;2952.01;21410.2;-0.586;-0.2;1.529;117.333;1.09814;106.847
07.10.2019;11970.2;2938.79;21375.25;-0.574;-0.223;1.565;117.648;1.09716;107.236
08.10.2019;12094.26;2893.06;21587.78;-0.594;-0.203;1.534;117.308;1.0956;107.072
09.10.2019;12164.2;2919.4;21456.38;-0.547;-0.2;1.587;117.927;1.09734;107.466
10.10.2019;12511.65;2938.13;21551.98;-0.472;-0.205;1.672;118.755;1.10088;107.872
11.10.2019;12629.79;2970.27;21798.87;-0.442;-0.18;1.732;119.619;1.10364;108.386
15.10.2019;12670.11;2995.68;22207.21;-0.417;-0.169;1.773;120.067;1.10313;108.842
16.10.2019;12654.95;2989.69;22472.92;-0.389;-0.16;1.745;120.401;1.10732;108.732
17.10.2019;12633.6;2997.95;22451.86;-0.41;-0.151;1.754;120.863;1.1127;108.624
18.10.2019;12747.96;2986.2;22492.68;-0.384;-0.14;1.752;121.012;1.11614;108.42
21.10.2019;12798.19;3006.72;22548.9;-0.345;-0.126;1.803;121.053;1.11484;108.583
23.10.2019;12872.1;3004.52;22625.38;-0.396;-0.139;1.766;120.95;1.11322;108.646
24.10.2019;12894.51;3010.29;22750.6;-0.405;-0.141;1.771;120.645;1.11053;108.638
25.10.2019;12941.71;3022.55;22799.81;-0.361;-0.135;1.8;120.407;1.1081;108.661
28.10.2019;12939.62;3039.42;22867.27;-0.335;-0.123;1.845;120.936;1.10982;108.969
29.10.2019;12910.23;3036.89;22974.13;-0.353;-0.111;1.837;120.98;1.11121;108.872
30.10.2019;12866.79;3046.77;22843.12;-0.356;-0.115;1.775;121.353;1.11531;108.806
31.10.2019;12961.05;3037.56;22927.04;-0.408;-0.147;1.688;120.476;1.11517;108.033
01.11.2019;13148.5;3066.91;22850.77;-0.384;-0.184;1.714;120.803;1.11657;108.191
05.11.2019;13179.89;3074.62;23251.99;-0.312;-0.117;1.86;120.896;1.10749;109.162
06.11.2019;13289.46;3076.78;23303.82;-0.335;-0.084;1.83;120.611;1.10685;108.967
07.11.2019;13228.56;3085.18;23330.32;-0.236;-0.074;1.926;120.782;1.1049;109.313
08.11.2019;13283.51;3093.08;23391.87;-0.264;-0.06;1.943;120.372;1.10218;109.212
12.11.2019;13230.07;3091.84;23520.01;-0.255;-0.029;1.931;119.996;1.10115;108.973
13.11.2019;13180.23;3094.04;23319.87;-0.301;-0.044;1.886;119.74;1.10081;108.774
14.11.2019;13241.75;3096.63;23141.55;-0.352;-0.072;1.822;119.48;1.10221;108.401
15.11.2019;13207.01;3120.46;23303.32;-0.336;-0.06;1.834;120.259;1.10542;108.79
18.11.2019;13221.12;3122.03;23416.76;-0.338;-0.079;1.817;120.314;1.10719;108.662
19.11.2019;13158.14;3120.18;23292.65;-0.34;-0.084;1.786;120.251;1.1078;108.549
20.11.2019;13137.7;3108.46;23148.57;-0.35;-0.109;1.747;120.127;1.10767;108.444
21.11.2019;13163.88;3103.54;23038.58;-0.327;-0.108;1.776;120.16;1.10623;108.621
22.11.2019;13246.45;3110.29;23112.88;-0.36;-0.079;1.769;119.749;1.10229;108.636
25.11.2019;13236.42;3133.64;23292.81;-0.35;-0.082;1.753;119.983;1.1014;108.937
26.11.2019;13287.07;3140.52;23373.32;-0.373;-0.095;1.741;120.222;1.10236;109.058
27.11.2019;13236.38;3153.63;23437.77;-0.373;-0.108;1.767;120.549;1.1006;109.531
29.11.2019;12964.68;3140.98;23293.91;-0.362;-0.077;1.774;120.591;1.10175;109.4545
02.12.2019;12989.29;3113.87;23529.5;-0.283;-0.041;1.822;120.799;1.10767;109.057
03.12.2019;13140.57;3093.2;23379.81;-0.349;-0.025;1.717;120.392;1.10821;108.637
04.12.2019;13054.8;3112.76;23135.23;-0.317;-0.04;1.778;120.596;1.10783;108.858
05.12.2019;13166.58;3117.43;23300.09;-0.296;-0.029;1.812;120.764;1.11045;108.753
06.12.2019;13105.61;3145.91;23354.4;-0.287;-0.015;1.84;120.067;1.106;108.56
09.12.2019;13070.72;3135.96;23430.7;-0.309;-0.008;1.821;120.145;1.10654;108.577
10.12.2019;13146.74;3132.52;23410.19;-0.298;-0.018;1.842;120.696;1.10934;108.8
11.12.2019;13221.64;3141.63;23391.86;-0.324;0.001;1.793;120.849;1.11332;108.548
12.12.2019;13282.72;3168.57;23424.81;-0.271;-0.014;1.897;122.449;1.11838;109.488
13.12.2019;13407.66;3168.8;24023.1;-0.292;-0.02;1.824;121.543;1.11168;109.333
16.12.2019;13287.83;3191.45;23952.35;-0.278;-0.012;1.873;122.102;1.11392;109.615
17.12.2019;13222.16;3192.52;24066.12;-0.296;-0.007;1.875;122.134;1.11532;109.514
18.12.2019;13211.96;3191.14;23934.43;-0.252;-0.015;1.919;121.809;1.11162;109.575
19.12.2019;13318.9;3205.37;23864.85;-0.237;0.004;1.922;121.677;1.11239;109.384
20.12.2019;13300.98;3221.22;23816.63;-0.253;0.02;1.919;121.273;1.10757;109.495
23.12.2019;13337.11;3224.01;23821.11;-0.245;0.007;1.928;121.33;1.10904;109.401
27.12.2019;13249.01;3240.02;23837.72;-0.255;-0.006;1.877;122.301;1.11758;109.434
30.12.2019;13126.99;3221.29;23656.62;-0.186;-0.012;1.884;121.947;1.12003;108.878
06.01.2020;13226.83;3246.28;23204.86;-0.288;-0.028;1.809;121.338;1.11958;108.378
07.01.2020;13320.18;3237.18;23575.72;-0.286;-0.004;1.823;120.911;1.11478;108.458
08.01.2020;13495.06;3253.05;23204.76;-0.245;-0.007;1.875;121.188;1.11102;109.078
09.01.2020;13483.31;3274.7;23739.87;-0.219;0.006;1.853;121.594;1.11065;109.48
10.01.2020;13456.49;3265.35;23850.57;-0.238;0.009;1.82;121.782;1.11217;109.5
14.01.2020;13432.3;3283.15;24025.17;-0.21;0.013;1.811;122.377;1.11265;109.988
15.01.2020;13429.43;3289.29;23916.58;-0.2;0.007;1.788;122.539;1.11509;109.887
16.01.2020;13526.13;3316.81;23933.13;-0.219;0.011;1.809;122.71;1.11375;110.178
17.01.2020;13555.87;3329.62;24041.26;-0.214;0.004;1.825;122.185;1.10927;110.149
21.01.2020;13515.75;3320.79;23864.56;-0.25;-0.001;1.772;121.754;1.1083;109.856
22.01.2020;13388.42;3321.75;24031.35;-0.263;0.004;1.771;121.841;1.10935;109.832
23.01.2020;13576.68;3325.54;23795.44;-0.308;-0.01;1.732;121.093;1.10558;109.529
24.01.2020;13204.77;3295.47;23827.18;-0.336;-0.01;1.689;120.515;1.10279;109.282
27.01.2020;13323.69;3243.63;23343.51;-0.389;-0.035;1.608;120.011;1.10184;108.918
28.01.2020;13345;3276.24;23215.71;-0.38;-0.033;1.661;120.405;1.1022;109.241
29.01.2020;13157.12;3273.4;23379.4;-0.379;-0.025;1.582;120.03;1.10105;109.014
30.01.2020;12981.97;3283.66;22977.75;-0.407;-0.053;1.589;120.195;1.10341;108.934
31.01.2020;13045.19;3225.52;23205.18;-0.435;-0.056;1.508;120.172;1.10903;108.3575
03.02.2020;13281.74;3248.92;22971.94;-0.444;-0.05;1.531;120.178;1.10594;108.666
04.02.2020;13478.33;3297.59;23084.59;-0.4;-0.047;1.603;120.912;1.10452;109.47
05.02.2020;13574.82;3334.69;23319.56;-0.362;-0.032;1.649;120.778;1.09999;109.799
06.02.2020;13513.81;3345.78;23873.59;-0.37;-0.005;1.642;120.778;1.0981;109.988
07.02.2020;13494.03;3327.71;23827.98;-0.387;-0.025;1.585;120.159;1.09475;109.759
10.02.2020;13749.78;3352.09;23685.98;-0.412;-0.053;1.566;119.761;1.09113;109.759
12.02.2020;13745.43;3379.45;23861.21;-0.379;-0.03;1.637;119.68;1.08718;110.083
13.02.2020;13744.21;3373.94;23827.73;-0.388;-0.026;1.619;119.05;1.08406;109.819
14.02.2020;13681.19;3380.16;23687.59;-0.403;-0.02;1.588;118.969;1.08368;109.782
18.02.2020;13789;3370.29;23193.8;-0.408;-0.048;1.559;118.598;1.07947;109.867
19.02.2020;13664;3386.15;23400.7;-0.42;-0.037;1.568;120.24;1.08087;111.247
20.02.2020;13579.33;3373.23;23479.15;-0.444;-0.038;1.519;120.889;1.07875;112.05
21.02.2020;12790.49;3337.75;23386.74;-0.433;-0.05;1.473;121.076;1.08491;111.601
25.02.2020;12774.88;3128.21;22605.41;-0.513;-0.09;1.352;119.918;1.0881;110.208
26.02.2020;12367.46;3116.39;22426.19;-0.507;-0.086;1.342;120.17;1.08826;110.424
27.02.2020;11890.35;2978.76;21948.23;-0.548;-0.103;1.264;120.53;1.10027;109.541
28.02.2020;11857.87;2954.22;21142.96;-0.61;-0.149;1.152;119.134;1.10399;107.913
02.03.2020;11985.39;3090.23;21344.08;-0.626;-0.12;1.167;120.622;1.11394;108.284
03.03.2020;12127.69;3003.37;21082.73;-0.628;-0.108;0.999;119.698;1.11706;107.155
04.03.2020;11944.72;3130.12;21100.06;-0.64;-0.136;1.059;119.729;1.1133;107.544
05.03.2020;11541.87;3023.94;21329.12;-0.687;-0.108;0.918;119.255;1.12304;106.189
06.03.2020;10625.02;2972.37;20749.75;-0.714;-0.133;0.765;119.264;1.13073;105.475
09.03.2020;10475.49;2746.56;19698.76;-0.859;-0.147;0.559;117.179;1.14389;102.439
10.03.2020;10438.68;2882.23;19867.12;-0.797;-0.041;0.8;118.865;1.13091;105.0995
11.03.2020;9161.13;2741.38;19416.06;-0.746;-0.062;0.877;117.916;1.12589;104.732
12.03.2020;9232.08;2480.64;18559.63;-0.747;-0.058;0.812;117.124;1.11768;104.792
13.03.2020;8742.25;2711.02;17431.05;-0.551;-0.001;0.983;119.526;1.11074;107.609
16.03.2020;8939.1;2386.13;17002.04;-0.466;0.02;0.74;118.714;1.11684;106.271
17.03.2020;8441.71;2529.19;17011.53;-0.44;0.02;1.069;118.155;1.1016;107.256
18.03.2020;8610.43;2398.1;16726.55;-0.237;0.059;1.183;118.09;1.09331;108.011
19.03.2020;8741.15;2409.39;16552.83;-0.196;0.097;1.159;118.232;1.06649;110.861
23.03.2020;9700.57;2237.4;16887.78;-0.381;0.075;0.763;119.269;1.07464;110.985
24.03.2020;9874.26;2447.33;18092.35;-0.326;0.04;0.858;120.234;1.08122;111.202
25.03.2020;10000.96;2475.56;19546.63;-0.265;0.04;0.869;120.801;1.08815;111.015
26.03.2020;9632.52;2630.07;18664.6;-0.363;-0.005;0.848;120.673;1.10372;109.333
27.03.2020;9815.97;2541.47;19389.43;-0.479;0.011;0.676;120.287;1.1141;107.968
30.03.2020;9935.84;2626.65;19084.97;-0.497;0.015;0.73;119.142;1.10474;107.846
31.03.2020;9544.75;2584.59;18917.01;-0.472;0.011;0.674;118.602;1.10301;107.526
01.04.2020;9570.82;2470.5;18065.41;-0.465;0.015;0.586;117.267;1.09458;107.134
02.04.2020;9525.77;2526.9;17818.72;-0.439;-0.006;0.602;117.088;1.08557;107.859
03.04.2020;10075.17;2488.65;17820.19;-0.445;-0.004;0.599;117.21;1.08108;108.419
06.04.2020;10356.7;2663.68;18576.3;-0.426;0.007;0.681;117.895;1.07943;109.219
07.04.2020;10332.89;2659.41;18950.18;-0.313;0.009;0.714;118.457;1.08909;108.771
08.04.2020;10564.74;2749.98;19353.24;-0.31;0.019;0.774;118.172;1.08565;108.849
09.04.2020;10696.56;2789.82;19345.77;-0.349;0.014;0.729;118.57;1.09289;108.493
14.04.2020;10279.76;2846.06;19638.81;-0.381;0.014;0.755;117.651;1.09813;107.138
15.04.2020;10301.54;2783.36;19550.09;-0.465;0.016;0.635;117.166;1.09088;107.405
16.04.2020;10625.78;2799.55;19290.2;-0.475;0.01;0.63;117.346;1.08614;108.039
17.04.2020;10675.9;2874.56;19897.26;-0.474;0.025;0.643;116.922;1.08681;107.582
20.04.2020;10249.85;2823.16;19669.12;-0.452;0.025;0.609;116.992;1.08697;107.642
21.04.2020;10415.03;2736.56;19280.78;-0.477;0.014;0.572;116.98;1.08576;107.74
22.04.2020;10513.79;2799.31;19137.95;-0.41;-0.001;0.622;116.612;1.0823;107.745
23.04.2020;10336.09;2797.8;19429.44;-0.425;0.004;0.605;115.993;1.07795;107.606
24.04.2020;10659.99;2836.74;19262;-0.475;-0.01;0.602;116.1;1.08095;107.405
27.04.2020;10795.63;2878.48;19783.22;-0.457;-0.031;0.664;116.176;1.08315;107.2595
28.04.2020;10861.64;2863.39;19771.19;-0.47;-0.045;0.616;115.642;1.0822;106.858
30.04.2020;10759.27;2912.43;20193.69;-0.587;-0.036;0.641;117.361;1.09515;107.1625
07.05.2020;10904.48;2881.19;19674.77;-0.547;0.009;0.639;115.144;1.08317;106.303
08.05.2020;10824.99;2929.8;20179.09;-0.541;0.005;0.685;115.656;1.08362;106.731
11.05.2020;10819.5;2930.19;20390.66;-0.514;0.006;0.712;116.349;1.08078;107.653
12.05.2020;10542.66;2870.12;20366.48;-0.51;-0.011;0.67;116.275;1.0847;107.195
13.05.2020;10337.02;2820;20267.05;-0.534;-0.005;0.652;115.823;1.08184;107.063
14.05.2020;10465.17;2852.5;19914.78;-0.545;-0.001;0.622;115.881;1.08071;107.227
15.05.2020;11058.87;2863.7;20037.47;-0.535;-0.005;0.646;115.986;1.08176;107.22
18.05.2020;11075.29;2953.91;20133.73;-0.467;-0.015;0.726;117.137;1.09165;107.31
19.05.2020;11223.71;2922.94;20433.45;-0.465;-0.003;0.692;117.668;1.09214;107.742
20.05.2020;11065.93;2971.61;20595.15;-0.47;-0.001;0.682;118.086;1.09786;107.56
21.05.2020;11073.87;2948.51;20552.31;-0.496;-0.005;0.674;117.867;1.09478;107.663
22.05.2020;11504.65;2955.45;20388.16;-0.489;-0.011;0.657;117.319;1.09032;107.6
26.05.2020;11657.69;2991.77;21271.17;-0.431;0.001;0.697;118.051;1.0977;107.543
27.05.2020;11781.13;3036.13;21419.23;-0.415;-0.005;0.69;118.57;1.1007;107.722
28.05.2020;11586.85;3029.73;21916.31;-0.421;-0.002;0.695;119.243;1.1079;107.63
29.05.2020;12021.28;3044.31;21877.89;-0.448;0.001;0.653;119.722;1.1102;107.838
02.06.2020;12487.36;3080.82;22325.61;-0.417;0.009;0.685;121.359;1.11703;108.644
03.06.2020;12430.56;3122.87;22613.76;-0.357;0.009;0.748;122.371;1.12361;108.909
04.06.2020;12847.68;3112.35;22695.74;-0.324;0.035;0.827;123.697;1.13363;109.116
05.06.2020;12819.59;3193.93;22863.73;-0.278;0.041;0.899;123.807;1.12899;109.662
08.06.2020;12617.99;3232.39;23178.1;-0.32;0.043;0.877;122.424;1.12913;108.424
09.06.2020;12530.16;3207.18;23091.03;-0.312;0.014;0.825;122.14;1.13383;107.724
10.06.2020;11970.29;3190.14;23124.95;-0.332;0.019;0.73;121.854;1.13759;107.116
11.06.2020;11949.28;3002.1;22472.91;-0.415;0.005;0.669;120.634;1.12933;106.819
12.06.2020;11911.35;3041.31;22305.48;-0.44;0.006;0.707;120.851;1.12552;107.374
15.06.2020;12315.66;3066.59;21530.95;-0.448;0.001;0.72;121.571;1.13255;107.342
16.06.2020;12382.14;3124.74;22582.21;-0.428;0.013;0.743;120.863;1.12622;107.318
17.06.2020;12281.53;3113.49;22455.76;-0.429;0.015;0.74;120.315;1.12433;107.011
18.06.2020;12330.76;3115.34;22355.46;-0.443;0.019;0.71;119.849;1.12049;106.962
19.06.2020;12262.97;3097.74;22478.79;-0.417;0.007;0.697;119.477;1.11865;106.804
22.06.2020;12523.76;3117.86;22437.27;-0.44;0.005;0.71;120.424;1.12633;106.917
23.06.2020;12093.94;3131.29;22549.05;-0.408;0.005;0.715;120.428;1.13089;106.49
24.06.2020;12177.87;3050.33;22534.32;-0.442;0.008;0.681;120.467;1.1255;107.034
25.06.2020;12089.39;3083.76;22259.79;-0.47;0.02;0.682;120.221;1.12163;107.184
26.06.2020;12232.12;3009.05;22512.08;-0.483;0.005;0.641;120.36;1.12284;107.193
29.06.2020;12310.93;3053.24;21995.04;-0.472;0.019;0.627;120.926;1.1241;107.576
30.06.2020;12260.57;3100.29;22288.14;-0.456;0.028;0.658;121.267;1.12323;107.963
01.07.2020;12608.46;3115.86;22121.73;-0.396;0.042;0.677;120.897;1.12505;107.459
02.07.2020;12733.45;3130.01;22145.96;-0.429;0.029;0.669;120.858;1.12398;107.527
06.07.2020;12616.8;3179.72;22714.44;-0.435;0.035;0.679;121.447;1.13107;107.374
07.07.2020;12494.81;3145.32;22614.69;-0.431;0.034;0.641;121.258;1.12741;107.555
08.07.2020;12489.46;3169.94;22438.65;-0.441;0.018;0.666;121.562;1.13328;107.265
09.07.2020;12633.71;3152.05;22529.29;-0.463;0.017;0.613;120.992;1.12842;107.222
10.07.2020;12799.97;3185.04;22290.81;-0.468;0.012;0.646;120.847;1.13002;106.942
13.07.2020;12697.36;3155.22;22784.74;-0.421;0.027;0.62;121.708;1.13462;107.267
14.07.2020;12930.98;3197.52;22587.01;-0.447;0.019;0.623;122.288;1.14024;107.248
15.07.2020;12874.97;3226.56;22945.5;-0.444;0.019;0.633;122.06;1.14126;106.951
16.07.2020;12919.61;3215.57;22770.36;-0.468;0.019;0.618;122.074;1.13809;107.263
17.07.2020;13046.92;3224.73;22696.42;-0.449;0.019;0.625;122.315;1.14373;106.944
20.07.2020;13171.83;3251.84;22717.48;-0.463;0.019;0.614;122.739;1.14439;107.253
21.07.2020;13104.25;3257.3;22884.22;-0.463;0.009;0.605;123.162;1.15327;106.794
22.07.2020;12838.66;3276.02;22751.61;-0.492;0.02;0.599;123.995;1.15726;107.145
27.07.2020;12835.28;3239.41;22715.85;-0.493;0.014;0.617;123.844;1.17505;105.395
28.07.2020;12822.26;3218.44;22657.38;-0.508;0.02;0.579;123.155;1.17211;105.071
29.07.2020;12379.65;3258.44;22397.11;-0.501;0.014;0.577;123.752;1.17928;104.939
30.07.2020;12313.36;3246.22;22339.23;-0.543;0.013;0.545;124.097;1.18424;104.79
31.07.2020;12646.98;3271.12;21710;-0.525;0.019;0.533;124.696;1.17823;105.833
03.08.2020;12600.87;3294.61;22195.38;-0.525;0.02;0.553;124.669;1.17606;106.006
04.08.2020;12660.25;3306.51;22573.66;-0.553;0.019;0.51;124.722;1.17972;105.722
05.08.2020;12591.68;3327.77;22514.85;-0.508;0.007;0.549;125.306;1.1866;105.6025
06.08.2020;12674.88;3349.16;22418.15;-0.533;0.014;0.538;125.317;1.18767;105.514
07.08.2020;12946.89;3351.28;22329.94;-0.511;0.007;0.566;124.885;1.17868;105.954
11.08.2020;13058.63;3333.69;22750.24;-0.479;0.025;0.638;125.075;1.17434;106.5235
12.08.2020;12993.71;3380.35;22843.96;-0.449;0.041;0.675;125.948;1.17844;106.873
13.08.2020;12901.34;3373.43;23249.61;-0.415;0.03;0.722;126.345;1.18147;106.938
14.08.2020;12920.66;3372.85;23289.36;-0.423;0.044;0.709;126.176;1.18373;106.592
17.08.2020;12881.76;3381.99;23096.75;-0.452;0.038;0.692;125.916;1.18743;106.04
18.08.2020;12977.33;3389.78;23051.08;-0.463;0.035;0.67;125.789;1.19322;105.42
19.08.2020;12830;3374.85;23110.61;-0.474;0.025;0.682;125.603;1.1843;106.057
20.08.2020;12764.8;3385.51;22880.62;-0.498;0.024;0.652;125.491;1.18609;105.803
21.08.2020;13066.54;3397.16;22920.3;-0.511;0.026;0.635;124.821;1.17952;105.823
24.08.2020;13061.62;3431.28;22985.51;-0.493;0.02;0.654;124.957;1.17901;105.981
25.08.2020;13190.15;3443.62;23296.77;-0.433;0.03;0.685;125.913;1.18342;106.398
26.08.2020;13096.36;3478.73;23290.86;-0.417;0.039;0.69;125.418;1.18305;106.012
27.08.2020;13033.2;3484.55;23208.86;-0.407;0.036;0.755;125.938;1.18202;106.545
28.08.2020;12945.38;3508.01;22882.65;-0.41;0.054;0.724;125.382;1.18985;105.376
31.08.2020;12974.25;3500.31;23139.76;-0.398;0.044;0.706;126.424;1.19393;105.889
01.09.2020;13243.43;3526.65;23138.07;-0.421;0.043;0.672;126.252;1.19166;105.947
02.09.2020;13057.77;3580.84;23247.15;-0.474;0.04;0.649;125.868;1.18553;106.1735
03.09.2020;12842.66;3455.06;23465.53;-0.491;0.029;0.636;125.807;1.18509;106.157
04.09.2020;12968.33;3426.96;23205.43;-0.474;0.037;0.72;125.8;1.18423;106.229
08.09.2020;13237.21;3331.84;23274.13;-0.495;0.034;0.682;124.746;1.17738;105.952
09.09.2020;13208.89;3398.96;23032.54;-0.464;0.025;0.698;125.348;1.18033;106.197
10.09.2020;13202.84;3339.19;23235.47;-0.435;0.024;0.682;125.485;1.18214;106.15
11.09.2020;13193.66;3340.97;23406.49;-0.481;0.019;0.669;125.612;1.18408;106.0845
14.09.2020;13217.67;3383.54;23559.3;-0.481;0.017;0.676;125.447;1.18666;105.714
15.09.2020;13255.37;3401.2;23454.89;-0.481;0.015;0.68;124.921;1.18486;105.431
16.09.2020;13208.12;3385.49;23475.53;-0.485;0.014;0.698;123.998;1.18143;104.952
17.09.2020;13116.25;3357.01;23319.37;-0.491;0.019;0.687;124.097;1.18447;104.77
18.09.2020;12642.97;3319.47;23360.3;-0.486;0.02;0.697;123.93;1.18488;104.593
23.09.2020;12606.57;3236.92;23346.49;-0.507;0.006;0.679;122.847;1.16612;105.346
24.09.2020;12469.2;3246.59;23087.82;-0.502;0.006;0.669;123.039;1.16719;105.415
25.09.2020;12870.87;3298.46;23204.62;-0.529;0.005;0.656;122.785;1.16262;105.611
28.09.2020;12825.82;3351.6;23511.62;-0.526;0.018;0.654;123.083;1.16645;105.5185
29.09.2020;12760.73;3335.47;23539.1;-0.545;0.015;0.651;124.049;1.17407;105.656
30.09.2020;12730.77;3363;23185.12;-0.523;0.019;0.686;123.617;1.1724;105.439
01.10.2020;12689.04;3380.8;23185.12;-0.539;0.019;0.679;123.987;1.17462;105.555
02.10.2020;12828.31;3348.42;23029.9;-0.54;0.019;0.704;123.431;1.17124;105.3855
05.10.2020;12906.02;3408.6;23312.14;-0.515;0.02;0.782;124.563;1.17805;105.733
06.10.2020;12928.57;3360.97;23433.73;-0.509;0.032;0.734;123.933;1.17328;105.629
07.10.2020;13042.21;3419.44;23422.82;-0.495;0.035;0.789;124.716;1.17657;106
08.10.2020;13051.23;3446.83;23647.07;-0.524;0.035;0.787;124.678;1.17594;106.024
09.10.2020;13018.99;3477.14;23619.69;-0.528;0.029;0.777;124.866;1.18237;105.607
13.10.2020;13028.06;3511.93;23601.78;-0.557;0.025;0.729;123.907;1.17451;105.497
14.10.2020;12703.75;3488.67;23626.73;-0.582;0.025;0.726;123.494;1.17486;105.1165
15.10.2020;12908.99;3483.34;23507.23;-0.612;0.02;0.734;123.445;1.17102;105.4155
16.10.2020;12854.66;3483.81;23410.63;-0.623;0.017;0.749;123.499;1.17177;105.395
19.10.2020;12736.95;3426.92;23671.13;-0.629;0.02;0.772;124.077;1.17677;105.438
20.10.2020;12557.64;3443.12;23567.04;-0.609;0.02;0.789;124.711;1.1824;105.473
21.10.2020;12543.06;3435.56;23639.46;-0.59;0.029;0.824;124.02;1.18598;104.5645
22.10.2020;12645.75;3453.49;23474.27;-0.568;0.03;0.861;123.949;1.1821;104.855
23.10.2020;12177.18;3465.39;23516.59;-0.576;0.036;0.845;124.209;1.18625;104.707
26.10.2020;12063.57;3400.97;23494.34;-0.577;0.027;0.803;123.838;1.18071;104.885
27.10.2020;11560.51;3390.68;23485.8;-0.616;0.024;0.771;123.114;1.17802;104.509
28.10.2020;11598.07;3271.03;23418.51;-0.627;0.02;0.774;122.54;1.17485;104.302
29.10.2020;11556.48;3310.11;23331.94;-0.638;0.024;0.831;122.093;1.16698;104.623
30.10.2020;11788.28;3269.96;22977.13;-0.627;0.036;0.874;121.907;1.16466;104.672
02.11.2020;12324.22;3310.24;23295.48;-0.64;0.04;0.847;121.936;1.16404;104.753
04.11.2020;12568.09;3443.44;23695.23;-0.64;0.034;0.768;122.504;1.17213;104.514
05.11.2020;12480.02;3510.45;24105.28;-0.637;0.015;0.765;122.515;1.18232;103.622
06.11.2020;13095.97;3509.44;24325.23;-0.621;0.014;0.82;122.715;1.18797;103.298
09.11.2020;13163.11;3550.5;24839.84;-0.511;0.014;0.927;124.383;1.18171;105.257
10.11.2020;13052.95;3545.53;24905.59;-0.486;0.043;0.963;124.406;1.18188;105.261
12.11.2020;13076.72;3537.01;25520.88;-0.537;0.025;0.883;124.125;1.18069;105.129
13.11.2020;13138.61;3585.15;25385.87;-0.549;0.019;0.9;123.82;1.18338;104.633
16.11.2020;13133.47;3626.91;25906.93;-0.545;0.02;0.908;123.997;1.1856;104.585
17.11.2020;13201.89;3609.53;26014.62;-0.563;0.019;0.862;123.607;1.18632;104.193
18.11.2020;13086.16;3567.79;25728.14;-0.554;0.014;0.869;123.059;1.18517;103.832
19.11.2020;13137.25;3581.87;25634.34;-0.572;0.02;0.844;123.202;1.18705;103.7835
20.11.2020;13292.44;3557.54;25527.37;-0.585;0.019;0.823;123.123;1.1859;103.822
24.11.2020;13289.8;3635.41;26165.59;-0.564;0.02;0.885;124.25;1.18922;104.481
25.11.2020;13335.68;3629.65;26296.86;-0.567;0.015;0.882;124.455;1.19154;104.4525
27.11.2020;13291.16;3638.35;26644.71;-0.59;0.025;0.842;124.459;1.19607;104.0565
30.11.2020;13382.3;3621.63;26433.62;-0.572;0.026;0.842;124.496;1.19308;104.349
01.12.2020;13313.24;3662.45;26787.54;-0.529;0.015;0.929;125.935;1.20722;104.321
02.12.2020;13252.86;3669.01;26800.98;-0.521;0.019;0.938;126.492;1.21128;104.428
03.12.2020;13298.96;3666.72;26809.37;-0.557;0.02;0.91;126.14;1.21448;103.864
04.12.2020;13271;3699.12;26751.24;-0.547;0.019;0.973;126.328;1.21268;104.173
07.12.2020;13278.49;3691.96;26547.44;-0.582;0.017;0.924;126.005;1.21104;104.047
08.12.2020;13340.26;3702.25;26467.08;-0.609;0.013;0.921;126.096;1.21061;104.159
09.12.2020;13295.73;3672.82;26817.94;-0.607;0.015;0.939;125.987;1.20807;104.288
10.12.2020;13114.3;3668.1;26756.24;-0.604;0.02;0.906;126.565;1.21416;104.24
11.12.2020;13223.16;3663.46;26652.52;-0.636;0.004;0.898;126.05;1.21158;104.038
14.12.2020;13362.87;3647.49;26732.44;-0.622;0.02;0.895;126.346;1.21457;104.026
15.12.2020;13565.98;3694.62;26687.84;-0.613;0.002;0.911;125.992;1.21514;103.685
16.12.2020;13667.25;3701.17;26757.4;-0.568;0.007;0.92;126.185;1.21978;103.449
17.12.2020;13630.51;3722.48;26806.67;-0.572;0.005;0.935;126.496;1.22671;103.1125
18.12.2020;13246.3;3709.41;26763.39;-0.573;0.009;0.946;126.514;1.22452;103.3175
21.12.2020;13418.11;3694.92;26714.42;-0.582;0.007;0.935;126.474;1.22386;103.341
22.12.2020;13587.23;3687.26;26436.39;-0.597;0.007;0.921;126.051;1.21643;103.624
23.12.2020;13790.29;3690.01;26524.79;-0.548;0.005;0.946;126.224;1.21904;103.544
28.12.2020;13761.38;3735.36;26854.03;-0.567;0.015;0.926;126.703;1.22092;103.776
29.12.2020;13718.78;3727.04;27568.15;-0.575;0.019;0.938;126.889;1.22534;103.554
30.12.2020;13726.74;3732.04;27444.17;-0.571;0.018;0.925;126.928;1.22974;103.215
04.01.2021;13651.22;3700.65;27258.38;-0.606;0.014;0.913;126.336;1.22506;103.127
05.01.2021;13891.97;3726.86;27158.63;-0.575;0.02;0.958;126.31;1.22968;102.718
06.01.2021;13968.24;3748.14;27055.94;-0.556;0.015;1.036;127.062;1.2328;103.068
07.01.2021;14049.53;3803.79;27490.13;-0.555;0.036;1.083;127.38;1.22661;103.848
08.01.2021;13925.06;3824.68;28139.03;-0.521;0.035;1.117;127.076;1.22238;103.958
12.01.2021;13939.71;3801.19;28164.34;-0.468;0.029;1.129;126.673;1.22055;103.783
13.01.2021;13988.7;3809.84;28456.59;-0.522;0.025;1.092;126.275;1.2157;103.87
14.01.2021;13787.73;3795.54;28698.26;-0.551;0.03;1.131;126.165;1.21519;103.824
15.01.2021;13815.06;3768.25;28519.18;-0.544;0.029;1.085;125.476;1.20778;103.89
19.01.2021;13921.37;3798.91;28633.46;-0.527;0.04;1.09;126.033;1.21283;103.917
20.01.2021;13906.67;3851.85;28523.26;-0.529;0.035;1.079;125.43;1.211;103.575
21.01.2021;13873.97;3853.07;28756.86;-0.498;0.028;1.109;125.948;1.21678;103.508
22.01.2021;13643.95;3841.47;28631.45;-0.515;0.035;1.089;126.318;1.21663;103.826
25.01.2021;13870.99;3855.36;28822.29;-0.551;0.034;1.033;126.013;1.21436;103.769
26.01.2021;13620.46;3849.62;28546.18;-0.535;0.029;1.036;126.047;1.2162;103.64
27.01.2021;13665.93;3750.77;28635.21;-0.548;0.035;1.018;126.023;1.21089;104.075
28.01.2021;13432.87;3787.38;28197.42;-0.54;0.035;1.05;126.346;1.2122;104.229
29.01.2021;13622.02;3714.24;27663.39;-0.518;0.053;1.069;127.127;1.2136;104.751
01.02.2021;13835.16;3773.86;28091.05;-0.517;0.055;1.081;126.59;1.20619;104.951
02.02.2021;13933.63;3826.31;28362.17;-0.491;0.051;1.1;126.464;1.20439;105.003
03.02.2021;14060.29;3830.17;28646.5;-0.466;0.055;1.137;126.399;1.20338;105.036
04.02.2021;14056.72;3871.74;28341.95;-0.456;0.054;1.139;126.262;1.19648;105.527
05.02.2021;14059.91;3886.83;28779.19;-0.449;0.054;1.169;126.984;1.20487;105.393
08.02.2021;14011.8;3915.59;29388.5;-0.447;0.064;1.172;126.833;1.2052;105.238
09.02.2021;13932.97;3911.23;29505.93;-0.449;0.064;1.16;126.729;1.21197;104.564
10.02.2021;14049.89;3909.88;29562.93;-0.438;0.074;1.124;126.787;1.2119;104.617
12.02.2021;14064.6;3934.83;29520.07;-0.43;0.061;1.212;127.2;1.21179;104.969
16.02.2021;13909.27;3932.59;30467.75;-0.351;0.075;1.311;128.417;1.21028;106.106
17.02.2021;13886.93;3931.33;30292.19;-0.368;0.094;1.274;127.525;1.2045;105.8805
18.02.2021;13993.23;3913.97;30236.09;-0.347;0.089;1.297;127.789;1.20908;105.692
19.02.2021;13950.04;3906.71;30017.92;-0.308;0.099;1.34;127.78;1.21163;105.461
22.02.2021;13976;3876.5;30156.03;-0.341;0.115;1.369;127.767;1.21605;105.067
24.02.2021;13879.33;3925.43;29671.7;-0.305;0.114;1.374;128.807;1.21663;105.872
25.02.2021;13786.29;3829.34;30168.27;-0.23;0.142;1.541;129.437;1.21828;106.246
26.02.2021;14012.82;3811.15;28966.01;-0.262;0.148;1.413;128.617;1.20657;106.598
01.03.2021;14039.8;3901.82;29663.5;-0.335;0.144;1.42;128.669;1.20504;106.776
02.03.2021;14080.03;3870.29;29408.17;-0.354;0.123;1.395;128.944;1.20843;106.704
03.03.2021;14056.34;3819.72;29559.1;-0.292;0.114;1.484;129.09;1.20634;107.009
04.03.2021;13920.69;3768.47;28930.11;-0.313;0.131;1.567;129.303;1.19751;107.977
05.03.2021;14380.91;3841.94;28864.32;-0.306;0.085;1.568;129.106;1.19156;108.351
08.03.2021;14437.94;3821.35;28743.25;-0.279;0.124;1.594;129.07;1.18489;108.93
09.03.2021;14540.25;3875.44;29027.94;-0.299;0.123;1.528;129.165;1.19022;108.522
10.03.2021;14569.39;3898.81;29036.56;-0.315;0.119;1.52;129.315;1.19262;108.429
11.03.2021;14502.39;3939.34;29211.64;-0.335;0.099;1.54;130.058;1.19833;108.532
12.03.2021;14461.42;3943.34;29717.83;-0.307;0.11;1.626;130.387;1.19611;109.009
15.03.2021;14557.58;3968.94;29766.97;-0.34;0.104;1.607;130.155;1.19247;109.148
16.03.2021;14596.61;3962.71;29921.09;-0.337;0.094;1.621;129.729;1.19019;108.998
17.03.2021;14775.52;3974.12;29914.33;-0.292;0.089;1.646;130.396;1.19786;108.857
18.03.2021;14621;3915.46;30216.75;-0.266;0.099;1.706;129.861;1.19172;108.969
19.03.2021;14657.21;3913.1;29792.05;-0.294;0.109;1.73;129.619;1.19048;108.88
22.03.2021;14662.02;3940.59;29174.15;-0.312;0.077;1.695;129.846;1.19338;108.806
23.03.2021;14610.39;3910.52;28995.92;-0.345;0.074;1.622;128.688;1.18474;108.622
24.03.2021;14621.36;3889.14;28405.52;-0.353;0.064;1.614;128.456;1.18118;108.752
25.03.2021;14748.94;3909.52;28729.88;-0.389;0.081;1.633;128.528;1.17738;109.164
26.03.2021;14817.72;3974.54;29176.7;-0.347;0.074;1.674;129.315;1.17929;109.655
29.03.2021;15008.61;3971.09;29384.52;-0.324;0.065;1.71;129.228;1.17656;109.8205
30.03.2021;15008.34;3958.55;29432.7;-0.289;0.085;1.712;129.317;1.17177;110.3605
31.03.2021;15107.17;3972.89;29178.8;-0.294;0.111;1.739;129.864;1.17279;110.731
01.04.2021;15212.68;4019.87;29388.87;-0.329;0.106;1.672;130.233;1.17756;110.595
06.04.2021;15176.36;4073.94;29696.63;-0.317;0.103;1.66;130.334;1.18722;109.78
07.04.2021;15202.68;4079.95;29730.79;-0.325;0.094;1.676;130.383;1.18697;109.845
08.04.2021;15234.16;4097.17;29708.98;-0.338;0.09;1.624;130.198;1.19153;109.27
09.04.2021;15215;4128.8;29768.06;-0.303;0.099;1.662;130.515;1.19031;109.648
12.04.2021;15234.36;4127.99;29538.73;-0.295;0.104;1.668;130.31;1.19126;109.389
13.04.2021;15209.15;4141.59;29751.61;-0.294;0.099;1.618;130.32;1.195;109.054
14.04.2021;15255.33;4124.66;29620.99;-0.259;0.084;1.632;130.497;1.19789;108.939
15.04.2021;15459.75;4170.42;29642.69;-0.292;0.084;1.579;130.139;1.19674;108.744
16.04.2021;15368.39;4185.47;29683.37;-0.264;0.084;1.582;130.332;1.19809;108.783
19.04.2021;15129.51;4163.26;29685.37;-0.237;0.079;1.6082;130.19;1.20374;108.154
20.04.2021;15195.97;4134.94;29100.38;-0.2645;0.079;1.5607;130.077;1.20351;108.081
21.04.2021;15320.52;4173.42;28508.55;-0.2635;0.069;1.5573;130.075;1.20361;108.07
22.04.2021;15279.62;4134.98;29188.17;-0.2535;0.067;1.5398;129.735;1.20169;107.96
23.04.2021;15296.34;4180.17;29020.63;-0.2585;0.065;1.5613;130.546;1.20996;107.892
26.04.2021;15249.27;4187.62;29126.23;-0.2545;0.069;1.5684;130.651;1.20866;108.095
27.04.2021;15292.18;4186.72;28991.89;-0.2505;0.079;1.6252;131.435;1.20891;108.722
28.04.2021;15135.91;4183.18;29053.97;-0.231;0.089;1.611;131.686;1.21255;108.603
30.04.2021;15196.74;4181.17;28812.63;-0.2045;0.089;1.624;131.408;1.20234;109.293
06.05.2021;15399.65;4201.62;29331.37;-0.228;0.084;1.568;131.599;1.20634;109.089
07.05.2021;15400.41;4232.6;29357.82;-0.2155;0.082;1.579;132.131;1.21664;108.604
10.05.2021;15119.75;4188.43;29518.34;-0.215;0.079;1.604;132.053;1.21313;108.853
11.05.2021;15150.22;4152.1;28608.59;-0.163;0.072;1.623;131.965;1.21498;108.615
12.05.2021;15199.68;4063.04;28147.51;-0.125;0.074;1.693;132.387;1.20713;109.671
13.05.2021;15416.64;4112.5;27448.01;-0.1215;0.088;1.657;132.266;1.20821;109.4545
14.05.2021;15396.62;4173.85;28084.47;-0.1285;0.079;1.633;132.784;1.2143;109.35
17.05.2021;15386.58;4163.29;27824.83;-0.1155;0.074;1.652;132.722;1.21529;109.21
18.05.2021;15113.56;4127.83;28406.84;-0.1065;0.074;1.64;133.125;1.22247;108.899
19.05.2021;15370.26;4115.68;28044.45;-0.111;0.076;1.674;132.96;1.21765;109.193
20.05.2021;15437.51;4159.12;28098.25;-0.1095;0.079;1.628;133.031;1.22296;108.778
21.05.2021;15465.09;4155.86;28317.83;-0.1305;0.079;1.623;132.717;1.21868;108.902
25.05.2021;15450.72;4188.13;28553.98;-0.168;0.069;1.56;133.243;1.225;108.7695
26.05.2021;15406.73;4195.99;28642.19;-0.2065;0.069;1.579;133.083;1.21944;109.135
27.05.2021;15519.98;4200.88;28549.01;-0.172;0.069;1.61;133.929;1.21949;109.823
28.05.2021;15567.36;4204.11;29149.41;-0.1865;0.08;1.581;133.939;1.21947;109.834
01.06.2021;15602.71;4202.04;28814.34;-0.179;0.074;1.606;133.712;1.22143;109.471
02.06.2021;15632.67;4208.12;28946.14;-0.1995;0.075;1.589;133.798;1.22119;109.563
03.06.2021;15692.9;4192.85;29058.11;-0.1845;0.079;1.625;133.762;1.21273;110.299
04.06.2021;15677.15;4229.89;28941.52;-0.2135;0.079;1.557;133.234;1.21688;109.488
07.06.2021;15640.6;4226.52;29019.24;-0.1995;0.074;1.57;133.203;1.21918;109.256
08.06.2021;15581.14;4227.26;28963.56;-0.226;0.071;1.536;133.291;1.21731;109.496
09.06.2021;15571.22;4219.55;28860.8;-0.245;0.064;1.492;133.512;1.21789;109.625
10.06.2021;15693.27;4239.18;28958.56;-0.2565;0.044;1.435;133.123;1.21741;109.35
11.06.2021;15673.64;4247.44;28948.73;-0.2735;0.029;1.454;132.783;1.21091;109.6565
14.06.2021;15729.52;4255.15;29161.8;-0.252;0.034;1.497;133.411;1.21201;110.075
15.06.2021;15710.57;4246.59;29441.3;-0.2345;0.045;1.494;133.485;1.21292;110.053
16.06.2021;15727.67;4223.7;29291.01;-0.2505;0.046;1.579;132.713;1.19938;110.651
17.06.2021;15448.04;4221.86;29018.33;-0.199;0.059;1.514;131.28;1.19063;110.261
18.06.2021;15603.24;4166.45;28964.08;-0.2025;0.055;1.443;130.738;1.18682;110.1585
21.06.2021;15636.33;4224.79;28010.93;-0.173;0.041;1.492;131.468;1.19189;110.302
22.06.2021;15456.39;4246.44;28884.13;-0.1625;0.048;1.467;132.124;1.19399;110.658
23.06.2021;15589.23;4241.84;28874.89;-0.1785;0.051;1.487;132.377;1.19279;110.981
24.06.2021;15607.97;4266.49;28875.23;-0.189;0.051;1.497;132.249;1.19308;110.847
25.06.2021;15554.18;4280.7;29066.18;-0.1555;0.045;1.526;132.266;1.19414;110.762
28.06.2021;15690.59;4290.61;29048.02;-0.192;0.054;1.48;131.929;1.19271;110.613
29.06.2021;15531.04;4291.8;28812.61;-0.1715;0.062;1.473;131.586;1.19018;110.56
30.06.2021;15603.81;4297.5;28791.53;-0.2095;0.055;1.47;131.75;1.1859;111.097
01.07.2021;15650.09;4319.94;28707.04;-0.2035;0.034;1.459;132.167;1.18497;111.536
02.07.2021;15511.38;4352.34;28783.28;-0.2365;0.043;1.431;131.738;1.18657;111.025
06.07.2021;15692.71;4343.54;28643.21;-0.268;0.037;1.35;130.785;1.18219;110.63
07.07.2021;15420.64;4358.13;28366.95;-0.2995;0.029;1.321;130.482;1.17939;110.636
08.07.2021;15687.93;4320.82;28118.03;-0.3075;0.025;1.294;130.007;1.18449;109.758
09.07.2021;15790.51;4369.55;27940.42;-0.2935;0.025;1.361;130.813;1.18795;110.117
12.07.2021;15789.64;4384.63;28569.02;-0.2965;0.024;1.368;130.898;1.1862;110.351
13.07.2021;15788.98;4369.21;28718.24;-0.2955;0.02;1.42;130.291;1.1778;110.622
14.07.2021;15629.66;4374.3;28608.49;-0.3205;0.009;1.349;130.163;1.18368;109.964
15.07.2021;15540.31;4360.03;28279.09;-0.3345;0.012;1.301;129.75;1.18129;109.837
16.07.2021;15133.2;4327.16;28003.08;-0.3535;0.02;1.3;129.911;1.18043;110.054
19.07.2021;15216.27;4258.49;27652.74;-0.387;0.015;1.195;129.157;1.17973;109.4785
20.07.2021;15422.5;4323.06;27388.16;-0.4115;0.007;1.225;129.446;1.17817;109.87
21.07.2021;15618.98;4358.69;27548;-0.391;0.02;1.292;130.105;1.17967;110.289
26.07.2021;15519.13;4422.3;27833.29;-0.4185;0.006;1.295;130.282;1.18027;110.383
27.07.2021;15570.36;4401.46;27970.22;-0.4435;0.014;1.241;129.733;1.18183;109.774
28.07.2021;15640.47;4400.64;27581.66;-0.4505;0.019;1.234;130.226;1.18452;109.939
29.07.2021;15544.39;4419.15;27782.42;-0.4505;0.014;1.271;130.159;1.18886;109.482
30.07.2021;15568.73;4395.26;27283.59;-0.4615;0.013;1.226;130.133;1.18611;109.714
02.08.2021;15555.08;4387.16;27781.02;-0.4875;0.005;1.179;129.789;1.18725;109.319
03.08.2021;15692.13;4423.15;27641.83;-0.4825;0.005;1.172;129.373;1.18634;109.052
04.08.2021;15744.67;4402.66;27584.08;-0.5015;0.008;1.182;129.588;1.18364;109.4805
05.08.2021;15761.45;4429.1;27728.12;-0.5015;0.004;1.225;129.902;1.18345;109.7675
06.08.2021;15770.71;4436.52;27820.04;-0.457;0.024;1.3;129.612;1.17586;110.2275
10.08.2021;15826.09;4436.75;27888.15;-0.457;0.026;1.352;129.585;1.17205;110.563
11.08.2021;15937.51;4442.41;28070.51;-0.4655;0.025;1.335;129.655;1.17409;110.43
12.08.2021;15977.44;4460.83;28015.02;-0.461;0.019;1.361;129.544;1.17314;110.425
13.08.2021;15925.73;4468;27977.15;-0.469;0.013;1.282;129.25;1.17973;109.559
16.08.2021;15921.95;4479.71;27523.19;-0.47;0.019;1.268;128.705;1.17774;109.281
17.08.2021;15965.97;4448.08;27424.47;-0.472;0.006;1.267;128.327;1.17111;109.577
18.08.2021;15765.81;4400.27;27585.91;-0.4825;0.019;1.26;128.571;1.171;109.796
19.08.2021;15808.04;4405.8;27281.17;-0.4915;0.02;1.243;128.179;1.1678;109.761
20.08.2021;15852.79;4441.67;27013.25;-0.4965;0.005;1.255;128.456;1.17021;109.772
23.08.2021;15905.85;4479.53;27494.24;-0.482;0.014;1.255;128.835;1.17462;109.682
24.08.2021;15860.66;4486.23;27732.1;-0.479;0.015;1.297;128.907;1.17564;109.648
25.08.2021;15793.62;4496.19;27724.8;-0.4225;0.014;1.349;129.494;1.17709;110.012
26.08.2021;15851.75;4470;27742.29;-0.409;0.014;1.351;129.369;1.17544;110.061
27.08.2021;15887.31;4509.37;27641.14;-0.4245;0.02;1.31;129.556;1.17964;109.827
30.08.2021;15835.09;4528.79;27789.29;-0.44;0.017;1.282;129.667;1.17982;109.9015
31.08.2021;15824.29;4522.68;28089.54;-0.3845;0.019;1.31;129.902;1.18094;110.007
01.09.2021;15840.59;4524.09;28451.02;-0.3745;0.025;1.297;130.263;1.18399;110.0245
02.09.2021;15781.2;4536.95;28543.51;-0.386;0.029;1.287;130.55;1.18757;109.9425
03.09.2021;15843.09;4535.43;29128.11;-0.3625;0.034;1.326;130.32;1.18803;109.6945
07.09.2021;15610.28;4520.03;29916.14;-0.324;0.034;1.375;130.618;1.18441;110.273
08.09.2021;15623.15;4514.07;30181.21;-0.3235;0.039;1.338;130.333;1.18176;110.2835
09.09.2021;15609.81;4493.28;30008.19;-0.362;0.035;1.299;129.771;1.18256;109.7425
10.09.2021;15701.42;4458.58;30381.84;-0.3305;0.039;1.343;129.785;1.18126;109.8695
13.09.2021;15722.99;4468.73;30447.37;-0.3315;0.04;1.327;129.926;1.18112;110.005
14.09.2021;15616;4443.05;30670.1;-0.3405;0.043;1.284;129.523;1.1806;109.7035
15.09.2021;15651.75;4480.7;30511.71;-0.307;0.032;1.304;129.227;1.18161;109.3645
16.09.2021;15490.17;4473.75;30323.34;-0.3025;0.039;1.336;129.135;1.17685;109.7255
17.09.2021;15348.53;4432.99;30500.05;-0.286;0.045;1.363;128.956;1.17305;109.9325
21.09.2021;15506.74;4354.19;29839.71;-0.3185;0.039;1.326;128.071;1.17259;109.226
22.09.2021;15531.75;4395.64;29639.4;-0.3265;0.033;1.302;128.382;1.16933;109.791
24.09.2021;15573.88;4455.48;30248.81;-0.2285;0.056;1.454;129.76;1.17168;110.7475
27.09.2021;15248.56;4443.11;30240.06;-0.2245;0.057;1.489;129.828;1.16986;110.984
28.09.2021;15365.27;4352.63;30183.96;-0.2005;0.074;1.546;130.292;1.16846;111.51
29.09.2021;15260.69;4359.46;29544.29;-0.2135;0.064;1.518;129.846;1.15975;111.9625
30.09.2021;15156.44;4307.54;29452.66;-0.2005;0.06;1.489;128.897;1.15822;111.2945
01.10.2021;15036.55;4357.04;28771.07;-0.2265;0.05;1.463;128.771;1.15983;111.026
04.10.2021;15194.49;4300.46;28444.89;-0.216;0.047;1.481;128.88;1.16196;110.9155
05.10.2021;14973.33;4345.72;27822.12;-0.1885;0.059;1.529;129.277;1.15968;111.477
06.10.2021;15250.86;4363.55;27528.87;-0.1825;0.074;1.522;128.746;1.15549;111.421
07.10.2021;15206.13;4399.76;27678.21;-0.1865;0.068;1.575;128.998;1.15566;111.6235
08.10.2021;15146.87;4391.34;28048.94;-0.151;0.079;1.615;129.843;1.15713;112.212
12.10.2021;15249.38;4350.65;28230.61;-0.0855;0.092;1.572;131.004;1.1531;113.611
13.10.2021;15462.72;4363.8;28140.28;-0.1245;0.086;1.538;131.36;1.15984;113.2575
14.10.2021;15587.36;4438.26;28550.93;-0.1875;0.079;1.514;131.843;1.15985;113.6725
15.10.2021;15474.47;4471.37;29068.63;-0.168;0.074;1.574;132.519;1.16032;114.209
18.10.2021;15515.83;4486.46;29025.46;-0.1495;0.089;1.604;132.732;1.16106;114.319
19.10.2021;15522.92;4519.63;29215.52;-0.1045;0.087;1.641;133.037;1.16314;114.3775
20.10.2021;15472.56;4536.19;29255.55;-0.126;0.089;1.658;133.202;1.16493;114.343
21.10.2021;15542.98;4549.78;28708.58;-0.1025;0.084;1.705;132.543;1.16257;114.008
22.10.2021;15599.23;4544.9;28804.85;-0.1095;0.095;1.636;132.083;1.16432;113.442
25.10.2021;15757.06;4566.48;28600.41;-0.1155;0.094;1.633;132.035;1.16117;113.7085
26.10.2021;15705.81;4574.79;29106.01;-0.1215;0.102;1.61;132.341;1.15932;114.1535
27.10.2021;15696.33;4551.68;29098.24;-0.1795;0.086;1.552;132.058;1.16026;113.8185
28.10.2021;15688.77;4596.42;28820.09;-0.141;0.084;1.582;132.673;1.16821;113.569
29.10.2021;15806.29;4605.38;28892.69;-0.108;0.097;1.561;131.753;1.15596;113.977
01.11.2021;15954.45;4613.67;29647.08;-0.1055;0.097;1.561;132.318;1.16021;114.046
02.11.2021;16029.65;4630.65;29520.9;-0.168;0.071;1.547;131.963;1.15791;113.966
04.11.2021;16054.36;4680.06;29794.37;-0.227;0.068;1.53;131.501;1.15531;113.823
05.11.2021;16046.52;4697.53;29611.57;-0.281;0.058;1.453;131.177;1.15672;113.404
08.11.2021;16040.47;4701.7;29507.05;-0.2445;0.057;1.492;131.215;1.15857;113.256
09.11.2021;16067.83;4685.25;29285.46;-0.2995;0.051;1.439;130.877;1.15924;112.8985
10.11.2021;16094.07;4646.71;29106.78;-0.2495;0.067;1.553;130.75;1.14797;113.8965
12.11.2021;16148.64;4682.85;29609.97;-0.2605;0.069;1.565;130.352;1.14464;113.881
15.11.2021;16247.86;4682.8;29776.8;-0.2295;0.07;1.618;129.736;1.13663;114.14
16.11.2021;16251.13;4700.9;29808.12;-0.2435;0.077;1.639;130.013;1.13217;114.8355
17.11.2021;16221.73;4688.67;29688.33;-0.248;0.069;1.587;129.207;1.1318;114.161
18.11.2021;16159.97;4704.54;29598.66;-0.277;0.077;1.587;129.929;1.13717;114.257
19.11.2021;16115.69;4697.96;29745.87;-0.344;0.074;1.55;128.683;1.12884;113.996
22.11.2021;15878.39;4682.94;29774.11;-0.3045;0.07;1.63;129.065;1.12379;114.8485
24.11.2021;15257.04;4701.46;29302.66;-0.23;0.083;1.641;129.286;1.12009;115.4255
26.11.2021;15280.86;4594.62;28751.62;-0.338;0.065;1.482;128.243;1.1324;113.2485
29.11.2021;15100.13;4655.27;28283.92;-0.319;0.068;1.502;128.286;1.12896;113.632
30.11.2021;15472.67;4567;27821.76;-0.351;0.051;1.448;128.34;1.13386;113.188
01.12.2021;15263.11;4513.04;27935.62;-0.345;0.057;1.405;127.704;1.13182;112.8305
02.12.2021;15169.98;4577.1;27753.37;-0.372;0.059;1.446;127.933;1.13012;113.2025
03.12.2021;15380.79;4538.43;28029.57;-0.389;0.049;1.346;127.538;1.13093;112.773
06.12.2021;15813.94;4591.67;27927.37;-0.393;0.038;1.438;128.062;1.12828;113.5015
07.12.2021;15687.09;4686.75;28455.6;-0.378;0.05;1.477;127.979;1.12686;113.571
08.12.2021;15639.26;4701.21;28860.62;-0.313;0.044;1.525;129.01;1.1342;113.7455
09.12.2021;15623.31;4667.45;28725.47;-0.356;0.043;1.502;128.145;1.1293;113.472
10.12.2021;15621.72;4712.02;28437.77;-0.348;0.042;1.487;128.36;1.13172;113.42
13.12.2021;15453.56;4668.97;28640.49;-0.3835;0.044;1.419;128.154;1.1283;113.582
14.12.2021;15476.35;4634.09;28432.64;-0.37;0.046;1.444;128.048;1.12573;113.7465
15.12.2021;15636.4;4709.85;28459.72;-0.3645;0.046;1.462;128.807;1.12941;114.0485
16.12.2021;15531.69;4668.67;29066.32;-0.353;0.038;1.419;128.855;1.1331;113.718
17.12.2021;15239.67;4620.64;28545.68;-0.383;0.042;1.406;127.815;1.12369;113.746
20.12.2021;15447.44;4568.02;27937.81;-0.371;0.035;1.428;128.166;1.12793;113.629
21.12.2021;15593.47;4649.23;28517.59;-0.309;0.05;1.462;128.693;1.12811;114.0785
22.12.2021;15756.31;4696.56;28562.21;-0.295;0.059;1.455;129.231;1.13242;114.1185
23.12.2021;15835.25;4725.79;28798.37;-0.253;0.059;1.493;129.646;1.13289;114.4385
27.12.2021;15963.7;4791.19;28676.46;-0.2455;0.058;1.479;130.125;1.13269;114.8805
28.12.2021;15852.25;4786.35;29069.16;-0.239;0.059;1.484;129.82;1.1307;114.814
29.12.2021;15884.86;4793.06;28906.88;-0.1875;0.055;1.553;130.493;1.13483;114.989
30.12.2021;16152.61;4778.73;28791.71;-0.183;0.064;1.512;130.303;1.13239;115.0695
04.01.2022;16271.75;4793.54;29301.79;-0.124;0.084;1.651;131.071;1.12853;116.143
05.01.2022;16052.03;4700.58;29332.16;-0.126;0.083;1.709;131.345;1.13104;116.1275
06.01.2022;15947.74;4696.05;28487.87;-0.0685;0.124;1.723;130.877;1.12967;115.8535
07.01.2022;15941.81;4677.03;28478.56;-0.0455;0.129;1.765;131.294;1.13613;115.562
11.01.2022;16010.32;4713.07;28222.48;-0.029;0.148;1.739;131.11;1.13688;115.324
12.01.2022;16031.59;4726.35;28765.66;-0.058;0.125;1.745;131.213;1.14411;114.685
13.01.2022;15883.24;4659.03;28489.13;-0.091;0.129;1.706;130.82;1.1457;114.184
14.01.2022;15772.56;4662.85;28124.28;-0.0465;0.15;1.791;130.345;1.14148;114.19
18.01.2022;15809.72;4577.11;28257.25;-0.0185;0.143;1.877;129.824;1.13278;114.606
19.01.2022;15912.33;4532.76;27467.23;-0.011;0.137;1.866;129.712;1.13424;114.361
20.01.2022;15603.88;4482.73;27772.93;-0.027;0.138;1.808;129.088;1.13125;114.111
21.01.2022;15011.13;4397.94;27522.26;-0.0655;0.129;1.77;128.898;1.13416;113.651
24.01.2022;15123.87;4410.13;27588.37;-0.1055;0.131;1.772;129.084;1.13263;113.968
25.01.2022;15459.39;4356.45;27131.34;-0.0795;0.132;1.776;128.693;1.13027;113.8595
26.01.2022;15524.27;4349.93;27011.33;-0.0765;0.134;1.867;128.909;1.12412;114.675
27.01.2022;15318.95;4326.51;26170.3;-0.062;0.155;1.799;128.524;1.11455;115.3145
28.01.2022;15471.2;4431.85;26717.34;-0.0485;0.164;1.777;128.5;1.11501;115.245
31.01.2022;15619.39;4515.55;27001.98;0.0085;0.172;1.78;129.299;1.12318;115.119
01.02.2022;15613.77;4546.54;27078.48;0.0335;0.177;1.795;129.276;1.12711;114.6965
02.02.2022;15368.47;4589.38;27533.6;0.0415;0.173;1.775;129.37;1.1304;114.446
03.02.2022;15099.56;4477.44;27241.31;0.138;0.173;1.832;131.522;1.14396;114.9715
04.02.2022;15206.64;4500.53;27439.99;0.2055;0.191;1.912;131.954;1.14551;115.192
07.02.2022;15242.38;4483.87;27248.87;0.2265;0.202;1.918;131.679;1.14418;115.0865
08.02.2022;15482.01;4521.54;27284.52;0.2625;0.203;1.965;131.933;1.14176;115.5525
09.02.2022;15490.44;4587.18;27579.87;0.21;0.203;1.943;131.979;1.14215;115.5525
10.02.2022;15113.97;4504.08;27696.08;0.279;0.23;2.033;132.619;1.1428;116.047
14.02.2022;15412.71;4401.67;27079.59;0.2805;0.213;1.987;130.621;1.13048;115.545
15.02.2022;15370.3;4471.07;26865.19;0.3055;0.214;2.045;131.321;1.13577;115.623
16.02.2022;15267.63;4475.01;27460.4;0.2745;0.213;2.038;131.359;1.13756;115.474
17.02.2022;15042.51;4380.26;27232.87;0.2275;0.215;1.965;130.615;1.1362;114.9585
18.02.2022;14693;4348.87;27122.07;0.187;0.206;1.927;130.333;1.1325;115.084
22.02.2022;14052.1;4304.76;26449.61;0.2385;0.191;1.941;130.327;1.13267;115.0615
24.02.2022;14567.23;4288.7;25970.82;0.1645;0.191;1.969;129.334;1.11967;115.511
25.02.2022;14461.02;4384.65;26476.5;0.2235;0.203;1.963;130.159;1.12659;115.533
28.02.2022;13904.85;4373.94;26526.82;0.129;0.178;1.818;129.036;1.12205;115.001
01.03.2022;14000.11;4306.26;26844.72;-0.0935;0.137;1.731;127.77;1.11195;114.9065
02.03.2022;13698.4;4386.54;26393.03;0.0195;0.149;1.885;128.45;1.11195;115.518
03.03.2022;13094.54;4363.49;26577.27;0.0135;0.174;1.842;127.782;1.10662;115.47
04.03.2022;12834.65;4328.87;25985.47;-0.0755;0.148;1.734;125.548;1.09349;114.814
07.03.2022;12831.51;4201.09;25221.41;-0.0185;0.139;1.772;125.19;1.08542;115.338
08.03.2022;13847.93;4170.7;24790.95;0.1085;0.161;1.846;126.103;1.09016;115.674
09.03.2022;13442.1;4277.88;24717.53;0.2135;0.158;1.95;128.267;1.10693;115.8765
10.03.2022;13628.11;4259.52;25690.4;0.2685;0.184;1.99;127.61;1.09881;116.135
11.03.2022;13929.11;4204.31;25162.78;0.2415;0.18;1.999;127.925;1.09104;117.251
14.03.2022;13917.27;4173.11;25307.85;0.3655;0.209;2.142;129.334;1.09348;118.277
15.03.2022;14440.74;4262.45;25346.48;0.3245;0.207;2.149;129.736;1.09649;118.319
16.03.2022;14388.06;4357.86;25762.01;0.3895;0.199;2.192;130.956;1.10183;118.853
17.03.2022;14413.09;4411.67;26652.89;0.3775;0.201;2.167;131.527;1.10938;118.558
18.03.2022;14473.2;4463.12;26827.43;0.3705;0.203;2.153;131.663;1.10498;119.1535
22.03.2022;14283.65;4511.61;27224.11;0.4995;0.213;2.381;133.698;1.10321;121.191
23.03.2022;14273.79;4456.24;28040.16;0.464;0.223;2.29;133.234;1.10023;121.096
24.03.2022;14305.76;4520.16;28110.39;0.5295;0.233;2.37;134.694;1.10056;122.387
25.03.2022;14417.37;4543.06;28149.84;0.5835;0.233;2.488;134.098;1.09835;122.091
28.03.2022;14820.33;4575.52;27943.89;0.5815;0.248;2.462;136.122;1.09869;123.894
29.03.2022;14606.05;4631.6;28252.42;0.632;0.245;2.396;136.254;1.10879;122.8845
30.03.2022;14414.75;4602.45;28027.25;0.6445;0.216;2.354;135.996;1.11585;121.8765
31.03.2022;14446.48;4530.41;27821.43;0.5455;0.208;2.342;134.674;1.10673;121.686
01.04.2022;14518.16;4545.86;27665.98;0.5605;0.217;2.391;135.376;1.10477;122.538
04.04.2022;14424.36;4582.64;27736.47;0.5025;0.206;2.397;134.746;1.09735;122.793
05.04.2022;14151.69;4525.12;27787.98;0.6115;0.203;2.554;134.807;1.09063;123.6045
06.04.2022;14078.15;4481.15;27350.3;0.6455;0.237;2.601;134.907;1.08979;123.792
07.04.2022;14283.67;4500.21;26888.57;0.6795;0.229;2.662;134.867;1.08794;123.9655
08.04.2022;14192.78;4488.28;26985.8;0.7045;0.224;2.708;135.268;1.08777;124.353
11.04.2022;14124.95;4412.53;26821.52;0.8155;0.236;2.784;136.491;1.08841;125.4035
12.04.2022;14076.44;4397.45;26334.98;0.7905;0.238;2.725;135.769;1.08284;125.383
13.04.2022;14163.85;4446.59;26843.49;0.764;0.236;2.703;136.877;1.089;125.6905
14.04.2022;14153.46;4392.59;27172;0.8395;0.234;2.828;136.368;1.08288;125.9305
19.04.2022;14362.03;4462.21;26985.09;0.911;0.242;2.94;139.126;1.079;128.9395
20.04.2022;14502.41;4459.45;27217.85;0.848;0.24;2.832;138.848;1.08499;127.972
21.04.2022;14142.09;4393.66;27553.06;0.9455;0.244;2.913;139.157;1.08366;128.414
22.04.2022;13924.17;4271.78;27105.26;0.9705;0.245;2.902;138.735;1.0793;128.542
25.04.2022;13756.4;4296.12;26590.78;0.8335;0.244;2.824;137.298;1.07135;128.1535
26.04.2022;13793.94;4175.2;26700.11;0.8135;0.22;2.724;135.356;1.06395;127.22
27.04.2022;13979.84;4183.96;26386.63;0.8015;0.241;2.83;135.623;1.05555;128.4855
28.04.2022;13939.07;4287.5;26847.9;0.8985;0.215;2.826;137.402;1.05;130.859
02.05.2022;13674.29;4155.38;26818.53;0.9635;0.224;2.987;136.826;1.05077;130.2145
06.05.2022;13380.67;4123.34;27003.56;1.1295;0.238;3.14;137.698;1.0548;130.545
09.05.2022;13534.74;3991.24;26319.34;1.092;0.235;3.032;137.649;1.05587;130.366
10.05.2022;13828.64;4001.05;26167.1;0.997;0.244;2.989;137.349;1.05299;130.438
11.05.2022;13739.64;3935.18;26213.64;0.981;0.243;2.927;136.668;1.05154;129.97
12.05.2022;14027.93;3930.08;25748.72;0.8355;0.24;2.852;133.324;1.03808;128.434
13.05.2022;13964.38;4023.89;26427.65;0.944;0.241;2.922;134.521;1.04017;129.326
16.05.2022;14185.94;4008.01;26547.05;0.936;0.238;2.888;134.715;1.04366;129.0795
17.05.2022;14007.76;4088.85;26659.75;1.0415;0.241;2.988;136.479;1.05499;129.3655
18.05.2022;13882.3;3923.68;26911.2;1.0275;0.238;2.888;134.259;1.0463;128.3185
19.05.2022;13981.91;3900.79;26402.84;0.947;0.236;2.842;135.211;1.05837;127.754
20.05.2022;14175.4;3901.36;26739.03;0.9405;0.234;2.785;134.984;1.05573;127.858
23.05.2022;13919.75;3973.75;27001.52;1.012;0.236;2.853;136.724;1.06897;127.9025
24.05.2022;14007.93;3941.48;26748.14;0.968;0.226;2.754;136.155;1.07332;126.8545
25.05.2022;14231.29;3978.73;26677.8;0.9475;0.204;2.749;135.923;1.06812;127.2545
26.05.2022;14462.19;4057.84;26604.84;1;0.239;2.752;136.423;1.07317;127.1215
27.05.2022;14388.35;4158.24;26781.68;0.9595;0.221;2.743;136.456;1.07336;127.13
31.05.2022;14340.47;4132.15;27279.8;1.122;0.236;2.848;138.136;1.07331;128.7015
01.06.2022;14485.17;4101.23;27457.89;1.1855;0.231;2.911;138.642;1.06527;130.148
02.06.2022;14460.09;4176.82;27413.88;1.2345;0.237;2.911;139.585;1.07479;129.872
03.06.2022;14653.81;4108.54;27761.57;1.2725;0.231;2.941;140.283;1.07207;130.853
06.06.2022;14556.62;4121.43;27915.89;1.3155;0.238;3.047;141.076;1.06949;131.91
07.06.2022;14445.99;4160.68;27943.95;1.288;0.244;2.977;142.002;1.07059;132.639
08.06.2022;14198.8;4115.77;28234.29;1.352;0.243;3.025;143.863;1.07172;134.236
09.06.2022;13761.83;4017.82;28246.53;1.426;0.255;3.046;142.713;1.06187;134.398
10.06.2022;13427.03;3900.86;27824.29;1.515;0.249;3.163;141.353;1.05188;134.382
13.06.2022;13304.39;3749.63;26987.44;1.631;0.25;3.366;139.918;1.04091;134.4195
14.06.2022;13485.29;3735.48;26629.86;1.752;0.25;3.473;141.201;1.04157;135.566
15.06.2022;13038.49;3789.99;26326.16;1.6385;0.227;3.29;139.83;1.04468;133.85
16.06.2022;13126.26;3666.77;26431.2;1.7095;0.25;3.201;139.68;1.0556;132.323
17.06.2022;13292.4;3674.84;25963;1.658;0.225;3.231;141.642;1.04939;134.976
21.06.2022;13144.28;3764.79;26246.31;1.7675;0.232;3.279;143.992;1.05356;136.672
22.06.2022;12912.59;3759.89;26149.55;1.634;0.235;3.162;143.853;1.05649;136.162
23.06.2022;13118.13;3795.73;26171.25;1.4245;0.223;3.093;141.997;1.05224;134.9475
24.06.2022;13186.07;3911.74;26491.97;1.4375;0.214;3.136;142.76;1.0559;135.203
27.06.2022;13231.82;3900.11;26871.27;1.544;0.23;3.202;143.374;1.0585;135.451
28.06.2022;13003.35;3821.55;27049.47;1.622;0.227;3.177;143.246;1.05221;136.1385
29.06.2022;12783.77;3818.83;26804.6;1.516;0.227;3.089;142.595;1.04417;136.5635
30.06.2022;12813.03;3785.38;26393.04;1.3345;0.224;3.015;142.27;1.04807;135.745
01.07.2022;12401.2;3825.33;25935.62;1.2305;0.21;2.889;141.103;1.04291;135.298
05.07.2022;12594.52;3831.39;26423.47;1.172;0.209;2.807;139.449;1.02655;135.8425
06.07.2022;12843.22;3845.08;26107.65;1.155;0.246;2.932;138.428;1.01839;135.929
07.07.2022;13015.23;3902.62;26490.53;1.308;0.252;3;138.234;1.01625;136.024
08.07.2022;12832.44;3899.38;26517.19;1.344;0.239;3.084;138.486;1.01782;136.062
11.07.2022;12905.48;3854.43;26812.3;1.245;0.239;2.998;137.959;1.00381;137.436
12.07.2022;12756.32;3818.8;26336.66;1.1295;0.229;2.971;137.354;1.00355;136.869
13.07.2022;12519.66;3801.78;26478.77;1.141;0.228;2.935;138.195;1.00568;137.4145
14.07.2022;12864.72;3790.38;26643.39;1.1715;0.227;2.961;139.247;1.00189;138.985
15.07.2022;13308.41;3863.16;26788.47;1.131;0.224;2.93;139.667;1.00824;138.526
19.07.2022;13281.98;3936.69;26961.68;1.271;0.239;3.026;141.338;1.02283;138.184
20.07.2022;13246.64;3959.9;27680.26;1.2535;0.236;3.025;140.73;1.01796;138.2475
21.07.2022;13253.68;3998.95;27803;1.2205;0.233;2.877;140.516;1.0228;137.384
22.07.2022;13210.32;3961.63;27914.66;1.0365;0.207;2.75;138.87;1.02115;135.994
25.07.2022;13096.93;3966.84;27699.25;1.0195;0.2;2.805;139.685;1.02212;136.662
26.07.2022;13166.38;3921.05;27655.21;0.922;0.2;2.809;138.546;1.01191;136.916
27.07.2022;13282.11;4023.61;27715.75;0.942;0.199;2.779;139.325;1.02011;136.579
28.07.2022;13484.05;4072.43;27815.48;0.824;0.198;2.671;136.95;1.01955;134.324
29.07.2022;13479.63;4130.29;27801.64;0.811;0.179;2.658;136.305;1.02209;133.36
01.08.2022;13449.2;4118.63;27993.35;0.7755;0.181;2.582;135.071;1.02589;131.663
02.08.2022;13587.56;4091.19;27594.73;0.8145;0.168;2.743;135.372;1.01645;133.1815
03.08.2022;13662.68;4155.17;27741.9;0.8715;0.181;2.706;136.112;1.01697;133.8415
04.08.2022;13573.93;4151.94;27932.2;0.7995;0.171;2.694;136.291;1.0246;133.0195
05.08.2022;13687.69;4145.19;28175.87;0.9535;0.162;2.827;137.457;1.01784;135.048
08.08.2022;13534.97;4140.06;28249.24;0.893;0.167;2.754;137.615;1.01942;134.9935
09.08.2022;13700.93;4122.47;27999.96;0.9165;0.166;2.781;137.985;1.02136;135.0995
10.08.2022;13795.85;4210.24;27819.33;0.885;0.184;2.783;136.856;1.03;132.8705
12.08.2022;13816.61;4280.15;28546.98;0.985;0.184;2.842;136.964;1.02605;133.487
15.08.2022;13910.12;4297.14;28871.78;0.9025;0.184;2.793;135.437;1.01617;133.2825
16.08.2022;13626.71;4305.2;28868.91;0.9725;0.166;2.809;136.498;1.01683;134.239
17.08.2022;13697.41;4274.04;29222.77;1.081;0.184;2.899;137.501;1.01773;135.1055
18.08.2022;13544.52;4283.74;28942.14;1.1015;0.195;2.886;137.069;1.00876;135.879
19.08.2022;13230.57;4228.48;28930.33;1.2325;0.197;2.976;137.345;1.00405;136.791
22.08.2022;13194.23;4137.99;28794.5;1.302;0.214;3.026;136.736;0.99441;137.5045
23.08.2022;13220.06;4128.73;28452.75;1.3195;0.213;3.053;136.33;0.99699;136.741
24.08.2022;13271.96;4140.77;28313.47;1.3685;0.223;3.108;136.678;0.99685;137.1095
25.08.2022;12971.47;4199.12;28479.01;1.3165;0.221;3.03;136.176;0.99766;136.495
26.08.2022;12892.99;4057.66;28641.38;1.385;0.216;3.024;136.984;0.99657;137.456
29.08.2022;12961.14;4030.61;27878.96;1.5;0.24;3.11;138.717;0.99993;138.7275
30.08.2022;12834.96;3986.16;28195.58;1.5045;0.221;3.112;139.014;1.00172;138.7755
31.08.2022;12630.23;3955;28091.53;1.5355;0.221;3.196;139.798;1.0051;139.089
01.09.2022;13050.27;3966.85;27661.47;1.557;0.236;3.261;139.463;0.99459;140.2205
02.09.2022;12871.44;3924.26;27650.84;1.5185;0.235;3.193;139.588;0.99535;140.24
06.09.2022;12915.97;3908.19;27626.51;1.629;0.235;3.34;141.407;0.99042;142.775
07.09.2022;12904.32;3979.87;27430.3;1.574;0.243;3.267;143.862;1.0008;143.7475
08.09.2022;13088.21;4006.18;28065.28;1.7145;0.245;3.323;144.084;0.99976;144.119
09.09.2022;13402.27;4067.36;28214.75;1.6925;0.241;3.319;143.343;1.00456;142.693
12.09.2022;13188.95;4110.41;28542.11;1.652;0.241;3.358;144.535;1.01204;142.8155
13.09.2022;13028;3932.69;28614.63;1.725;0.239;3.412;144.204;0.99665;144.689
14.09.2022;12956.66;3946.01;27818.62;1.7075;0.248;3.406;142.873;0.99808;143.148
15.09.2022;12741.26;3901.35;27875.91;1.761;0.25;3.449;143.432;0.99964;143.4845
16.09.2022;12670.83;3873.33;27567.65;1.745;0.251;3.4533;143.1;1.00131;142.913
20.09.2022;12767.15;3855.93;27688.42;1.928;0.251;3.569;143.31;0.99706;143.732
21.09.2022;12531.63;3789.93;27313.13;1.88;0.253;3.534;141.785;0.98409;144.077
22.09.2022;12227.92;3757.99;27153.83;1.969;0.23;3.71;140.023;0.98372;142.339
26.09.2022;12139.68;3655.04;26431.55;2.0925;0.245;3.929;139.042;0.96096;144.69
27.09.2022;12183.28;3647.29;26571.87;2.23;0.246;3.949;138.938;0.95957;144.7925
28.09.2022;11975.55;3719.04;26173.98;2.1155;0.245;3.737;140.275;0.97345;144.1005
29.09.2022;12114.36;3640.47;26422.05;2.204;0.245;3.781;141.847;0.98184;144.47
30.09.2022;12209.48;3585.62;25937.21;2.1145;0.24;3.829;141.834;0.98004;144.722
03.10.2022;12670.48;3678.43;26215.79;1.912;0.236;3.643;142.057;0.98231;144.6145
04.10.2022;12517.18;3790.93;26992.21;1.871;0.224;3.635;144.009;0.99843;144.2355
05.10.2022;12470.78;3783.28;27120.53;2.017;0.241;3.755;142.945;0.98849;144.6095
06.10.2022;12273;3744.52;27311.3;2.0925;0.244;3.828;142.112;0.97945;145.094
07.10.2022;12220.25;3639.66;27116.11;2.191;0.244;3.888;141.552;0.9738;145.36
11.10.2022;12172.26;3588.84;26401.25;2.3055;0.248;3.945;141.504;0.9705;145.8045
12.10.2022;12355.58;3577.03;26396.83;2.3135;0.248;3.902;142.548;0.97058;146.869
13.10.2022;12437.81;3669.91;26237.42;2.278;0.243;3.95;143.88;0.97764;147.171
14.10.2022;12649.03;3583.07;27090.76;2.336;0.244;4.022;144.549;0.97267;148.61
17.10.2022;12765.61;3677.95;26775.79;2.2835;0.249;4.013;146.619;0.98409;148.9885
18.10.2022;12741.41;3719.98;27156.14;2.2805;0.249;4.007;147.146;0.98625;149.198
19.10.2022;12767.41;3695.16;27257.38;2.376;0.249;4.138;146.464;0.97735;149.8585
20.10.2022;12730.9;3665.78;27006.96;2.42;0.247;4.232;146.919;0.97858;150.134
21.10.2022;12931.45;3752.75;26890.58;2.415;0.249;4.219;145.586;0.98616;147.629
24.10.2022;13052.96;3797.34;26974.9;2.3145;0.249;4.247;147.129;0.98719;149.038
25.10.2022;13195.81;3859.11;27250.28;2.1785;0.247;4.1;147.602;0.99668;148.094
26.10.2022;13211.23;3830.6;27431.84;2.1145;0.247;4.007;147.578;1.00814;146.387
27.10.2022;13243.33;3807.3;27345.24;1.963;0.249;3.927;145.813;0.99671;146.2945
28.10.2022;13253.74;3901.06;27105.2;2.0975;0.239;4.01;146.925;0.99661;147.425
31.10.2022;13338.74;3871.98;27587.46;2.14;0.239;4.05;146.973;0.98849;148.684
01.11.2022;13256.74;3856.1;27678.92;2.1295;0.246;4.048;146.307;0.987449;148.167
02.11.2022;13459.85;3759.69;27663.39;2.1275;0.246;4.096;145.19;0.9815;147.926
04.11.2022;13533.52;3770.55;27199.74;2.2875;0.248;4.163;146.056;0.99587;146.661
07.11.2022;13688.75;3806.8;27527.64;2.3385;0.249;4.218;146.874;1.0018;146.611
08.11.2022;13666.32;3828.11;27872.11;2.275;0.245;4.128;146.745;1.00737;145.672
09.11.2022;14146.09;3748.57;27716.43;2.1675;0.246;4.099;146.613;1.00118;146.441
10.11.2022;14313.3;3956.37;27446.1;2.004;0.246;3.811;144.507;1.01979;141.703
14.11.2022;14378.51;3957.25;27963.47;2.147;0.236;3.863;144.588;1.03229;140.066
15.11.2022;14234.03;3991.73;27990.17;2.069;0.237;3.777;144.115;1.03458;139.2985
16.11.2022;14266.38;3958.79;28028.3;1.973;0.241;3.69;144.996;1.03944;139.495
17.11.2022;14431.86;3946.56;27930.57;2.019;0.236;3.769;145.399;1.03642;140.29
18.11.2022;14379.93;3965.34;27899.77;2.0165;0.243;3.829;144.942;1.03238;140.396
21.11.2022;14422.35;3949.94;27944.79;2.0205;0.239;3.84;145.549;1.02424;142.105
22.11.2022;14541.38;4003.58;28115.74;1.9805;0.241;3.758;145.499;1.03046;141.199
25.11.2022;14383.36;4026.12;28283.03;1.966;0.247;3.691;144.754;1.04095;139.0595
28.11.2022;14355.45;3963.94;28162.83;1.9805;0.246;3.679;143.665;1.03424;138.909
29.11.2022;14397.04;3957.63;28027.84;1.9315;0.246;3.75;143.235;1.03286;138.6785
30.11.2022;14490.3;4080.11;27968.99;1.8855;0.249;3.611;143.741;1.04096;138.085
01.12.2022;14529.39;4076.57;28226.08;1.7895;0.247;3.51;142.41;1.05233;135.329
02.12.2022;14447.61;4071.7;27777.9;1.816;0.247;3.492;141.474;1.0533;134.315
05.12.2022;14343.19;3998.84;27820.4;1.883;0.248;3.583;143.503;1.04948;136.738
06.12.2022;14261.19;3941.26;27885.87;1.783;0.249;3.531;143.383;1.04661;136.998
07.12.2022;14264.56;3933.92;27686.4;1.761;0.246;3.421;143.384;1.05088;136.442
08.12.2022;14370.72;3963.51;27574.43;1.8375;0.247;3.489;144.265;1.0557;136.6535
09.12.2022;14306.63;3934.38;27901.01;1.9345;0.248;3.586;143.949;1.05307;136.695
12.12.2022;14497.89;3990.56;27842.33;1.956;0.246;3.617;144.934;1.05366;137.553
13.12.2022;14460.2;4019.65;27954.85;1.9205;0.246;3.501;144.065;1.0633;135.489
14.12.2022;13986.23;3995.32;28156.21;1.932;0.246;3.479;144.659;1.06815;135.43
15.12.2022;13893.07;3895.75;28051.7;2.079;0.251;3.45;146.433;1.06302;137.752
16.12.2022;13942.87;3852.36;27527.12;2.148;0.245;3.488;144.797;1.05925;136.698
19.12.2022;13884.66;3817.66;27237.64;2.198;0.251;3.59;145.22;1.06085;136.8905
20.12.2022;14097.82;3821.62;26568.03;2.288;0.391;3.692;139.996;1.06245;131.7675
21.12.2022;13914.07;3878.44;26387.72;2.303;0.465;3.673;140.39;1.06061;132.3675
22.12.2022;13940.93;3822.39;26507.87;2.3595;0.384;3.686;140.33;1.05988;132.4025
23.12.2022;13995.1;3844.82;26235.25;2.403;0.374;3.751;141.076;1.06165;132.884
27.12.2022;13925.6;3829.25;26447.87;2.5035;0.457;3.849;142.035;1.06412;133.477
28.12.2022;14071.72;3783.22;26340.5;2.508;0.444;3.886;142.585;1.06166;134.304
29.12.2022;13923.59;3849.28;26093.67;2.449;0.442;3.82;141.831;1.06619;133.0265
30.12.2022;14490.78;3839.5;26094.5;2.568;0.408;3.879;140.532;1.07049;131.279
04.01.2023;14436.31;3852.97;25716.86;2.2825;0.447;3.69;140.429;1.0607;132.393
05.01.2023;14610.02;3808.1;25820.8;2.291;0.421;3.722;140.381;1.05219;133.418
06.01.2023;14774.6;3895.08;25973.85;2.195;0.498;3.56;140.638;1.06461;132.103
10.01.2023;14947.91;3919.25;26175.56;2.274;0.503;3.615;141.925;1.07365;132.19
11.01.2023;15058.3;3969.61;26446;2.1525;0.496;3.543;142.468;1.07581;132.429
12.01.2023;15086.52;3983.17;26449.82;2.127;0.508;3.444;140.279;1.0849;129.3015
13.01.2023;15187.07;3999.09;26119.52;2.171;0.506;3.498;138.522;1.0832;127.883
17.01.2023;15181.8;3990.97;26138.68;2.08;0.502;3.549;138.379;1.07921;128.2225
18.01.2023;14920.36;3928.86;26791.12;2.0215;0.425;3.373;138.964;1.0792;128.766
19.01.2023;15033.56;3898.85;26405.23;2.064;0.402;3.399;139.094;1.08311;128.4215
20.01.2023;15102.95;3972.61;26553.53;2.169;0.346;3.482;140.681;1.08565;129.583
23.01.2023;15093.11;4019.81;26906.04;2.2;0.38;3.521;141.981;1.08709;130.6065
24.01.2023;15081.64;4016.95;27299.19;2.1515;0.409;3.455;141.705;1.08869;130.1615
25.01.2023;15132.85;4016.22;27395.01;2.143;0.435;3.451;141.351;1.09146;129.507
26.01.2023;15150.03;4060.43;27362.75;2.209;0.461;3.506;141.769;1.08912;130.1685
27.01.2023;15126.08;4070.56;27382.56;2.2225;0.48;3.507;141.117;1.08655;129.877
30.01.2023;15128.27;4017.77;27433.4;2.3055;0.476;3.542;141.479;1.08513;130.38
31.01.2023;15180.74;4076.6;27327.11;2.2715;0.487;3.51;141.305;1.08621;130.0905
01.02.2023;15509.19;4119.21;27346.88;2.2885;0.478;3.417;141.668;1.09885;128.9245
02.02.2023;15476.43;4179.76;27402.05;2.07;0.492;3.402;140.335;1.09088;128.644
03.02.2023;15345.91;4136.48;27509.46;2.2095;0.482;3.519;141.55;1.07935;131.144
06.02.2023;15320.88;4111.08;27693.65;2.2935;0.492;3.644;142.271;1.07275;132.623
07.02.2023;15412.05;4164;27685.47;2.3565;0.491;3.679;140.633;1.07297;131.0695
